 Alloy Name,Be,,B,,C,,Mg,,Al,,Si,,P,,S,,Ti,,V,,Cr,,Mn,,Fe,,Co,,Ni,,Cu,,Zn,,Se,,Zr,,Nb,,Mo,,Pd,,Ag,,Sn,,Sb,,Hf,,Ta,,W,,Re,,Pb,,Bi,
LA-C Steel,0,0,0,0,0,1.5,0,0,0,0,0,1,0,0.04,0,0.05,0,0,0,0,0,0.2,0.2,1.1,97.5,99.5,0,0,0,0.25,0,0,0,0,0,0,0,0,0,0,0,0.06,0,0,0,0,0,0,0,0,0,0,0,0,0,0,0,0,0,0.05,0,0
Pure Fe,0,0,0,0,0,0,0,0,0,0,0,0,0,0,0,0,0,0,0,0,0,0,0,0.1,99,100,0,0,0,0,0,0,0,0,0,0,0,0,0,0,0,0,0,0,0,0,0,0,0,0,0,0,0,0,0,0,0,0,0,0,0,0
LA-1117,0,0,0,0,0.14,0.2,0,0,0,0,0,1,0,0.04,0.08,0.5,0,0,0,0,0,0.2,1.1,1.3,96,99,0,0,0,0.25,0,0,0,0,0,0,0,0,0,0,0,0.06,0,0,0,0,0,0,0,0,0,0,0,0,0,0,0,0,0,0.05,0,0
LA-11L17,0,0,0,0,0.13,0.2,0,0,0,0,0,1,0,0.04,0.08,0.5,0,0,0,0,0,0.2,1.1,1.3,96,99,0,0,0,0.25,0,0,0,0,0,0,0,0,0,0,0,0.06,0,0,0,0,0,0,0,0,0,0,0,0,0,0,0,0,0.1,0.5,0,0
LA-1141/44,0,0,0,0,0.37,0.48,0,0,0,0,0,1,0,0.04,0,0.5,0,0,0,0,0,0.2,1.35,1.65,95.900002,98.5,0,0,0,0.25,0,0,0,0,0,0,0,0,0,0,0,0.06,0,0,0,0,0,0,0,0,0,0,0,0,0,0,0,0,0,0.05,0,0
LA-12L14,0,0,0,0,0,0.15,0,0,0,0,0,1,0.04,0.09,0.26,0.5,0,0,0,0,0,0.2,0.85,1.15,96,99,0,0,0,0.25,0,0,0,0,0,0,0,0,0,0,0,0.06,0,0,0,0,0,0,0,0,0,0,0,0,0,0,0,0,0.15,0.35,0,0
LA-1215,0,0,0,0,0,0.09,0,0,0,0,0,1,0.04,0.09,0.1,0.5,0,0,0,0,0,0.2,0.75,1.04,97.5,99.5,0,0,0,0.25,0,0,0,0,0,0,0,0,0,0,0,0.06,0,0,0,0,0,0,0,0,0,0,0,0,0,0,0,0,0,0.05,0,0.06
LA-1522,0,0,0,0,0.18,0.24,0,0,0,0,0,1,0,0.04,0,0.05,0,0,0,0,0,0.2,1.1,1.4,96,99,0,0,0,0.25,0,0,0,0,0,0,0,0,0,0,0,0.06,0,0,0,0,0,0,0,0,0,0,0,0,0,0,0,0,0,0.05,0,0.04
LA-300M,0,0,0,0,0.38,0.46,0,0,0,0,1.45,1.8,0,0,0,0,0,0,0,0.05,0.7,0.95,0.6,0.9,92,95,0,0,1.65,2,0,0,0,0,0,0,0,0,0,0,0.3,0.65,0,0,0,0,0,0,0,0,0,0,0,0,0,0,0,0,0,0,0,0
LA-1330/40/45,0,0,0,0,0.28,0.48,0,0,0,0,0.15,0.35,0,0.04,0,0.04,0,0,0,0,0,0.2,1.6,1.9,96,99,0,0,0,0.25,0,0,0,0,0,0,0,0,0,0,0,0.06,0,0,0,0,0,0,0,0,0,0,0,0,0,0,0,0,0,0,0,0
LA-3115,0,0,0,0,0.13,0.18,0,0,0,0,0.2,0.35,0,0,0,0.03,0,0,0,0,0.55,0.75,0.4,0.6,95.5,98,0,0,1.1,1.4,0,0,0,0,0,0,0,0,0,0,0,0,0,0,0,0,0,0,0,0,0,0,0,0,0,0,0,0,0,0,0,0
LA-3310,0,0,0,0,0.08,0.13,0,0,0,0,0,0.35,0,0,0,0.03,0,0,0,0,1.4,1.75,0.3,0.6,92.5,95,0,0,3.25,3.75,0,0,0,0,0,0,0,0,0,0,0,0,0,0,0,0,0,0,0,0,0,0,0,0,0,0,0,0,0,0,0,0
LA-4130,0,0,0,0,0.28,0.33,0,0,0,0,0.15,0.35,0,0,0,0.1,0,0,0,0,0.8,1.1,0.4,0.6,95.5,98.199997,0,0,0,0.25,0,0.4,0,0,0,0,0,0,0,0,0.15,0.25,0,0,0,0,0,0,0,0,0,0,0,0,0,0,0,0,0,0.05,0,0
LA-4140,0,0,0,0,0.38,0.43,0,0,0,0,0.15,0.35,0,0,0,0.1,0,0,0,0,0.8,1.1,0.75,1,96.5,98,0,0,0,0.25,0,0.4,0,0,0,0,0,0,0,0,0.15,0.25,0,0,0,0,0,0,0,0,0,0,0,0,0,0,0,0,0,0.05,0,0
LA-41L40/50,0,0,0,0,0.38,0.52,0,0,0,0,0.15,0.35,0,0,0,0,0,0,0,0,0.8,1.1,0.75,1,96,98,0,0,0,0.25,0,0.35,0,0,0,0,0,0,0,0,0.15,0.25,0,0,0,0,0,0,0,0,0,0,0,0,0,0,0,0,0.1,0.5,0,0
LA-4330V,0,0,0,0,0.28,0.33,0,0,0,0,0.15,0.35,0,0,0,0,0,0,0.05,0.1,0.75,1,0.6,1.1,93,96,0,0,1.65,2,0,0.35,0,0,0,0,0,0,0,0,0.35,0.5,0,0,0,0,0,0,0,0,0,0,0,0,0,0,0,0,0,0,0,0
LA-4340,0,0,0,0,0.38,0.43,0,0,0,0,0.15,0.3,0,0,0,0,0,0,0,0,0.7,0.9,0.6,0.8,92.5,96,0,0,1.65,2,0,0,0,0,0,0,0,0,0,0,0.2,0.3,0,0,0,0,0,0,0,0,0,0,0,0,0,0,0,0,0,0,0,0
LA-4615/20,0,0,0,0,0.13,0.22,0,0,0,0,0.15,0.35,0,0,0,0.04,0,0,0,0,0,0,0.45,0.65,95,98,0,0,1.65,2,0,0,0,0,0,0,0,0,0,0,0.2,0.3,0,0,0,0,0,0,0,0,0,0,0,0,0,0,0,0,0,0,0,0
LA-4820,0,0,0,0,0.18,0.23,0,0,0,0,0.15,0.35,0,0,0,0,0,0,0,0,0,0,0.5,0.7,93.5,96,0,0,3.25,3.75,0,0,0,0,0,0,0,0,0,0,0.2,0.3,0,0,0,0,0,0,0,0,0,0,0,0,0,0,0,0,0,0,0,0
LA-6150,0,0,0,0,0.48,0.52,0,0,0,0,0.15,0.3,0,0,0,0.04,0,0,0.15,0.5,0.8,1.1,0.7,0.9,95,98,0,0,0,0,0,0,0,0,0,0,0,0,0,0,0,0,0,0,0,0,0,0,0,0,0,0,0,0,0,0,0,0,0,0,0,0
LA-6418,0,0,0,0,0.23,0.28,0,0,0,0,1.3,1.7,0,0,0,0,0,0,0,0,0.2,0.4,1.2,1.5,94,97,0,0,1.65,2,0,0,0,0,0,0,0,0,0,0,0.35,0.45,0,0,0,0,0,0,0,0,0,0,0,0,0,0,0,0,0,0,0,0
LA-8740/8620,0,0,0,0,0.38,0.43,0,0,0,0,0.15,0.35,0,0.02,0,0.02,0,0,0,0,0.4,0.6,0.75,1,96,98,0,0,0.4,0.7,0,0,0,0,0,0,0,0,0,0,0.2,0.3,0,0,0,0,0,0,0,0,0,0,0,0,0,0,0,0,0,0,0,0
LA-86L20,0,0,0,0,0.1,0.3,0,0,0,0,0,0.5,0,0,0,0,0,0,0,0,0.35,0.65,0.6,0.95,96,98.5,0,0,0.35,0.75,0,0,0,0,0,0,0,0,0,0,0.15,0.25,0,0,0,0,0,0,0,0,0,0,0,0,0,0,0,0,0.1,0.5,0,0
LA-8822,0,0,0,0,0.2,0.25,0,0,0,0,0.15,0.35,0,0,0,0.04,0,0,0,0,0.4,0.6,0.75,1,95,98,0,0,0.4,0.7,0,0,0,0,0,0,0,0,0,0,0.3,0.4,0,0,0,0,0,0,0,0,0,0,0,0,0,0,0,0,0,0,0,0
LA-9310,0,0,0,0,0.08,0.13,0,0,0,0,0.15,0.35,0,0,0,0,0,0,0,0,1,1.45,0.4,0.7,93,97,0,0,2.95,3.55,0,0,0,0,0,0,0,0,0,0,0.08,0.15,0,0,0,0,0,0,0,0,0,0,0,0,0,0,0,0,0,0,0,0
LA-52100,0,0,0,0,0.98,1,0,0,0,0,0.2,0.35,0,0,0,0.03,0,0,0,0,1.3,1.6,0.25,0.45,95,97.5,0,0,0,0.3,0,0,0,0,0,0,0,0,0,0,0,0.1,0,0,0,0,0,0,0,0,0,0,0,0,0,0,0,0,0,0,0,0
LA-A193,0,0,0,0,0.36,0.44,0,0,0,0,0.15,0.35,0,0,0,0.04,0,0,0.25,0.35,0.8,1.15,0.45,0.7,95,98,0,0,0,0,0,0,0,0,0,0,0,0,0,0,0.5,0.65,0,0,0,0,0,0,0,0,0,0,0,0,0,0,0,0,0,0,0,0
LA-A485-1,0,0,0,0,0.9,1.04,0,0,0,0,0.45,0.75,0,0,0,0.03,0,0,0,0,0.9,1.2,0.95,1.25,95,98.5,0,0,0,0.25,0,0,0,0,0,0,0,0,0,0,0,0.1,0,0,0,0,0,0,0,0,0,0,0,0,0,0,0,0,0,0,0,0
LA-A710,0,0,0,0,0,0.07,0,0,0,0,0,0.4,0,0,0,0.03,0,0,0,0,0.6,0.9,0.4,0.7,95,98,0,0,0.7,1,1,1.3,0,0,0,0,0,0,0,0,0.15,0.25,0,0,0,0,0,0,0,0,0,0,0,0,0,0,0,0,0,0,0,0
LA-HY80,0,0,0,0,0,0.18,0,0,0,0,0.15,0.35,0,0,0,0.03,0,0,0,0,1,1.8,0.1,0.4,93,96,0,0,2,3.25,0,0,0,0,0,0,0,0,0,0,0.2,0.6,0,0,0,0,0,0,0,0,0,0,0,0,0,0,0,0,0,0,0,0
LA-HY140,0,0,0,0,0,0.2,0,0,0,0,0.15,0.35,0,0,0,0.03,0,0,0,0,0.4,0.6,0.6,0.9,92,96,0,0,5,6,0,0,0,0,0,0,0,0,0,0,0.2,0.6,0,0,0,0,0,0,0,0,0,0,0,0,0,0,0,0,0,0,0,0
LA-LF-3,0,0,0,0,0,0.2,0,0,0,0,0.2,0.35,0,0,0,0.04,0,0,0,0,0,0,0,0.9,94,97,0,0,3.25,3.75,0,0,0,0,0,0,0,0,0,0,0,0.1,0,0,0,0,0,0,0,0,0,0,0,0,0,0,0,0,0,0,0,0
Alloy 135,0,0,0,0,0,0.43,0,0,0.95,1.3,0.2,0.4,0,0,0,0.03,0,0,0,0,1.4,1.8,0.5,0.8,93,98,0,0,0,0.25,0,0,0,0,0,0,0,0,0,0,0.3,0.4,0,0,0,0,0,0,0,0,0,0,0,0,0,0,0,0,0,0,0,0
Pyro 53,0,0,0,0,0,0,0,0,0,0,0,0,0,0,0,0,0,0,0,0,0.75,1.25,0.25,0.5,88,92,0,0,1.6,2.4,1.8,2.3,0,0,0,0,0,0,0,0,3,3.5,0,0,0,0,0,0,0,0,0,0,0,0,0,0,0,0,0,0,0,0
C-1/2 Mo,0,0,0,0,0,0,0,0,0,0,0,0,0,0,0,0,0,0,0,0,0,0.2,0.6,0.9,97.5,99,0,0,0,0,0,0,0,0,0,0,0,0,0,0,0.44,0.65,0,0,0,0,0,0,0,0,0,0,0,0,0,0,0,0,0,0,0,0
1.25Cr(P11),0,0,0,0,0,0,0,0,0,0,0.5,1,0,0,0,0,0,0,0,0.1,0.9,1.5,0,0.65,96,98.5,0,0,0,0,0,0,0,0,0,0,0,0,0,0,0.42,0.65,0,0,0,0,0,0,0,0,0,0,0,0,0,0,0,0,0,0,0,0
2.25Cr(P22),0,0,0,0,0,0,0,0,0,0,0,0,0,0,0,0,0,0,0,0,1.9,2.5,0.3,0.6,94.5,97,0,0,0,0,0,0,0,0,0,0,0,0,0,0,0.8,1.2,0,0,0,0,0,0,0,0,0,0,0,0,0,0,0,0,0,0,0,0
5 Cr (P5),0,0,0,0,0,0,0,0,0,0,0,0,0,0,0,0,0,0,0,0.1,3.8,6,0,0.6,92.5,95,0,0,0,0,0,0,0,0,0,0,0,0,0,0,0.4,0.65,0,0,0,0,0,0,0,0,0,0,0,0,0,0,0,0,0,0,0,0
7Cr (P7),0,0,0,0,0,0,0,0,0,0,0,0,0,0,0,0,0,0,0,0,6,8,0,1,90,93.5,0,0,0,0,0,0,0,0,0,0,0,0,0,0,0.45,0.65,0,0,0,0,0,0,0,0,0,0,0,0,0,0,0,0,0,0,0,0
9 Cr (P9),0,0,0,0,0,0,0,0,0,0,0,0,0,0,0,0,0,0,0,0.1,7.8,10,0,0.6,88,90,0,0,0,0,0,0,0,0,0,0,0,0,0,0,0.85,1.15,0,0,0,0,0,0,0,0,0,0,0,0,0,0,0,0,0,0,0,0
9Cr+V(P91),0,0,0,0,0,0,0,0,0,0,0,0,0,0,0,0,0,0,0.15,0.31,7.8,10,0,0.6,88,90,0,0,0,0,0,0,0,0,0,0,0,0,0,0,0.85,1.15,0,0,0,0,0,0,0,0,0,0,0,0,0,0,0,0,0,0,0,0
9Cr+W(P92),0,0,0,0,0,0,0,0,0,0,0,0,0,0,0,0,0,0,0.15,0.31,7.8,10,0,0.6,86,90.5,0,0,0,0,0,0,0,0,0,0,0,0,0,0,0.3,0.7,0,0,0,0,0,0,0,0,0,0,0,0,1.5,2.5,0,0,0,0,0,0
TS-A2,0,0,0,0,0.95,1.04,0,0,0,0,0,0.5,0,0,0,0,0,0,0.15,0.5,4.75,5.5,0.4,1,90,95,0,0,0,0,0,0,0,0,0,0,0,0,0,0,0.9,1.4,0,0,0,0,0,0,0,0,0,0,0,0,0,0,0,0,0,0,0,0
TS-A6,0,0,0,0,0.65,0.75,0,0,0,0,0,0.5,0,0,0,0,0,0,0,0,0.9,1.4,1.8,2.5,93,97,0,0,0,0,0,0,0,0,0,0,0,0,0,0,0.9,1.4,0,0,0,0,0,0,0,0,0,0,0,0,0,0,0,0,0,0,0,0
TS D2/3/4,0,0,0,0,1.4,2.33,0,0,0,0,0,0.6,0,0,0,0,0,0,0,1.1,11,13,0,0,84,88,0,1,0,0,0,0,0,0,0,0,0,0,0,0,0.7,1.2,0,0,0,0,0,0,0,0,0,0,0,0,0,0,0,0,0,0,0,0
TS-H11,0,0,0,0,0.33,0.43,0,0,0,0,0.8,1.2,0,0,0,0,0,0,0.3,0.6,4.75,5.5,0.2,0.5,90.5,93.5,0,0,0,0,0,0,0,0,0,0,0,0,0,0,1.1,1.6,0,0,0,0,0,0,0,0,0,0,0,0,0,0,0,0,0,0,0,0
TS-H12,0,0,0,0,0.3,0.4,0,0,0,0,0.8,1.2,0,0,0,0,0,0,0,0.5,4.75,5.5,0.2,0.5,90,93,0,0,0,0,0,0,0,0,0,0,0,0,0,0,1.25,1.75,0,0,0,0,0,0,0,0,0,0,0,0,1,1.7,0,0,0,0,0,0
TS-H13,0,0,0,0,0.32,0.45,0,0,0,0,0.8,1.2,0,0,0,0,0,0,0.8,1.2,4.75,5.5,0.2,0.5,90,93,0,0,0,0,0,0,0,0,0,0,0,0,0,0,1.1,1.75,0,0,0,0,0,0,0,0,0,0,0,0,0,0,0,0,0,0,0,0
TS-M1,0,0,0,0,0.78,0.88,0,0,0,0,0.2,0.5,0,0,0,0,0,0,1,1.35,3.5,4,0.15,0.4,82.5,85.75,0,0,0,0,0,0,0,0,0,0,0,0,0,0,8.18,9.18,0,0,0,0,0,0,0,0,0,0,0,0,1.4,2.08,0,0,0,0,0,0
TS-M2,0,0,0,0,0.78,1.04,0,0,0,0,0.2,0.45,0,0,0,0,0,0,1.75,2.5,3.75,4.5,0.15,0.4,80.5,84.5,0,0,0,0,0,0,0,0,0,0,0,0,0,0,4.5,5.5,0,0,0,0,0,0,0,0,0,0,0,0,5.5,6.75,0,0,0,0,0,0
TS-M3,0,0,0,0,1,1.1,0,0,0,0,0.2,0.45,0,0,0,0,0,0,2.25,3.25,3.75,4.5,0.1,0.4,78.5,84,0,0,0,0,0,0,0,0,0,0,0,0,0,0,4.75,6.5,0,0,0,0,0,0,0,0,0,0,0,0,5,6.75,0,0,0,0,0,0
TS-M4,0,0,0,0,1.25,1.4,0,0,0,0,0.25,0.45,0,0,0,0,0,0,3.75,4.5,3.75,4.75,0.1,0.4,75,81,0,0,0,0,0,0,0,0,0,0,0,0,0,0,5.25,6.5,0,0,0,0,0,0,0,0,0,0,0,0,5,6.75,0,0,0,0,0,0
TS-M34,0,0,0,0,0.85,0.92,0,0,0,0,0.2,0.45,0,0,0,0,0,0,1.9,2.29,3.5,4,0,0,73,77,7.75,8.75,0,0,0,0,0,0,0,0,0,0,0,0,7.75,9.18,0,0,0,0,0,0,0,0,0,0,0,0,1.4,2.08,0,0,0,0,0,0
TS-M35,0,0,0,0,0.85,0.92,0,0,0,0,0.2,0.45,0,0,0,0,0,0,1.9,2.29,3.5,4,0.14,0.4,75,80,4.75,5.75,0,0,0,0,0,0,0,0,0,0,0,0,4.5,5.5,0,0,0,0,0,0,0,0,0,0,0,0,5.5,6.5,0,0,0,0,0,0
TS-M36,0,0,0,0,0.8,0.9,0,0,0,0,0.2,0.45,0,0,0,0,0,0,1.75,2.25,3.75,4.5,0.15,0.4,72,77,7.75,8.75,0,0,0,0,0,0,0,0,0,0,0,0,4.5,5.5,0,0,0,0,0,0,0,0,0,0,0,0,5.5,6.5,0,0,0,0,0,0
TS-M42,0,0,0,0,1.04,1.15,0,0,0,0,0.15,0.65,0,0,0,0,0,0,0.9,1.35,3.5,4.25,0,0,73.5,78,7.75,8.75,0,0,0,0,0,0,0,0,0,0,0,0,9,10,0,0,0,0,0,0,0,0,0,0,0,0,1.14,1.85,0,0,0,0,0,0
M50,0,0,0,0,0.78,0.88,0,0,0,0,0.2,0.6,0,0.03,0,0.03,0,0,0.8,1.25,3.75,4.5,0.15,0.45,0,0,0,0,0,0.3,0,0,0,0,0,0,0,0,0,0,3.9,4.75,0,0,0,0,0,0,0,0,0,0,0,0,0,0,0,0,0,0,0,0
TS-O1,0,0,0,0,0.85,1,0,0,0,0,0,0.5,0,0,0,0,0,0,0,0.3,0.4,0.6,1,1.4,95.5,98,0,0,0,0,0,0,0,0,0,0,0,0,0,0,0,0,0,0,0,0,0,0,0,0,0,0,0,0,0.4,0.6,0,0,0,0,0,0
TS-O6,0,0,0,0,1.25,1.55,0,0,0,0,0.55,1.5,0,0,0,0,0,0,0,0,0,0.3,0.3,1.1,96,98.5,0,0,0,0,0,0,0,0,0,0,0,0,0,0,0.2,0.3,0,0,0,0,0,0,0,0,0,0,0,0,0,0,0,0,0,0.03,0,0
TS-S1,0,0,0,0,0.4,0.55,0,0,0,0,0.15,1.2,0,0,0,0,0,0,0.15,0.3,1,1.8,0,0,94,98,0,0,0,0,0,0,0,0,0,0,0,0,0,0,0,0.5,0,0,0,0,0,0,0,0,0,0,0,0,1.5,3,0,0,0,0,0,0
TS-S5,0,0,0,0,0.5,0.65,0,0,0,0,1.75,2.25,0,0,0,0,0,0,0,0.35,0,0.35,0.6,1,94,99,0,0,0,0,0,0.25,0,0,0,0,0,0,0,0,0.2,1.35,0,0,0,0,0,0,0,0,0,0,0,0,0,0,0,0,0,0,0,0
TS-S7,0,0,0,0,0.45,0.55,0,0,0,0,0.2,1,0,0,0,0,0,0,0.2,0.3,3,3.5,0.2,0.8,92,96,0,0,0,0,0,0,0,0,0,0,0,0,0,0,1.3,1.8,0,0,0,0,0,0,0,0,0,0,0,0,0,0,0,0,0,0,0,0
TS-T1,0,0,0,0,0.65,0.8,0,0,0,0,0.2,0.4,0,0,0,0,0,0,0.9,1.3,3.75,4.5,0,0,75,79,0,0,0,0,0,0,0,0,0,0,0,0,0,0,0,0.5,0,0,0,0,0,0,0,0,0,0,0,0,17,18.75,0,0,0,0,0,0
TS-T4,0,0,0,0,0.7,0.8,0,0,0,0,0.2,0.4,0,0,0,0,0,0,0.8,1.2,3.75,4.5,0,0,68,74,4.25,5.75,0,0,0,0,0,0,0,0,0,0,0,0,0.4,1,0,0,0,0,0,0,0,0,0,0,0,0,17.5,19,0,0,0,0,0,0
TS-T5,0,0,0,0,0.75,0.85,0,0,0,0,0.2,0.4,0,0,0,0,0,0,1.8,2.4,3.75,5,0,0,62.5,69,7,9.5,0,0,0,0,0,0,0,0,0,0,0,0,0.5,1.25,0,0,0,0,0,0,0,0,0,0,0,0,17.5,19,0,0,0,0,0,0
TS-T15,0,0,0,0,1.5,1.6,0,0,0,0,0.15,0.4,0,0,0,0,0,0,4.5,5.25,3.75,5,0,0,70,75,4.75,5.25,0,0,0,0,0,0,0,0,0,0,0,0,0,1,0,0,0,0,0,0,0,0,0,0,0,0,11.75,13,0,0,0,0,0,0
13-8MoPH,0,0,0,0,0,0,0,0,0.75,1.5,0,0,0,0,0,0,0,0,0,0,11.75,13.25,0,0,73,79,0,0,7.5,8.5,0,0,0,0,0,0,0,0,0,0,2,2.5,0,0,0,0,0,0,0,0,0,0,0,0,0,0,0,0,0,0,0,0
14-4PH,0,0,0,0,0,0,0,0,0,0,0.5,1,0,0,0,0,0,0,0,0,13.5,14.7,0,0.7,73,77.5,0,0,3.75,4.75,3,3.5,0,0,0,0,0,0,0.15,0.35,2,2.75,0,0,0,0,0,0,0,0,0,0,0,0,0,0,0,0,0,0,0,0
15-5 PH,0,0,0,0,0,0,0,0,0,0,0,1,0,0,0,0,0,0,0,0,14,14.7,0,1,72,79,0,0,4,5.5,2.5,4.5,0,0,0,0,0,0,0.15,0.45,0,0.5,0,0,0,0,0,0,0,0,0,0,0,0,0,0,0,0,0,0,0,0
15-7 Mo,0,0,0,0,0,0,0,0,0.5,1.75,0,1,0,0,0,0,0,0,0,0,14,16,0,1,70,77.5,0,0,6.5,7.75,0,0,0,0,0,0,0,0,0,0,2,3,0,0,0,0,0,0,0,0,0,0,0,0,0,0,0,0,0,0,0,0
15Mn-17Cr,0,0,0,0,0,0,0,0,0,0,0,0,0,0,0,0,0,0,0,0,15.5,17.5,13,17,63,70,0,0,0.81,1.21,0.4,0.7,0,0,0,0,0,0,0,0,0.81,1.21,0,0,0,0,0,0,0,0,0,0,0,0,0,0,0,0,0,0,0,0
17-4 PH,0,0,0,0,0,0,0,0,0,0,0,1,0,0,0,0,0,0,0,0,15,17.5,0,1,72,79,0,0,3,4,3,5,0,0,0,0,0,0,0.15,0.45,0,0.5,0,0,0,0,0,0,0,0,0,0,0,0,0,0,0,0,0,0,0,0
17-7PH,0,0,0,0,0,0,0,0,0.75,1.5,0,1,0,0,0,0,0,0,0,0,16,18,0,2,68,78,0,0,6,7.5,0,0.8,0,0,0,0,0,0,0,0,0,0.7,0,0,0,0,0,0,0,0,0,0,0,0,0,0,0,0,0,0,0,0
19-9DL,0,0,0,0,0,0,0,0,0,0,0,1,0,0,0,0,0.1,0.35,0,0,18,21,0.75,1.5,61.5,71,0,0,8,11,0,0.5,0,0,0,0,0,0,0.25,0.6,1,1.75,0,0,0,0,0,0,0,0,0,0,0,0,1,1.75,0,0,0,0,0,0
19-9DX,0,0,0,0,0,0,0,0,0,0,0,1,0,0,0,0,0.41,0.75,0,0,18,21,0.75,1.5,60,70,0,0,8,11,0,0.5,0,0,0,0,0,0,0,0,1.25,2,0,0,0,0,0,0,0,0,0,0,0,0,1,1.75,0,0,0,0,0,0
20Cb3,0,0,0,0,0,0,0,0,0,0,0,1,0,0,0,0,0,0,0,0,19,21,0,2,30,43,0,0,32,38,3,4,0,0,0,0,0,0,0.25,1,2,3,0,0,0,0,0,0,0,0,0,0,0,0,0,0,0,0,0,0,0,0
20Mo4,0,0,0,0,0,0,0,0,0,0,0,0,0,0,0,0,0,0,0,0,22.5,25,0,1,27,38.400002,0,0,35,40,0.5,1.5,0,0,0,0,0,0,0.15,0.35,3.5,5,0,0,0,0,0,0,0,0,0,0,0,0,0,0,0,0,0,0,0,0
20Mo6,0,0,0,0,0,0,0,0,0,0,0,0,0,0,0,0,0,0,0,0,22,26,0,1,25,38,0,0,33,37.200001,2,4,0,0,0,0,0,0,0,0,5,6.7,0,0,0,0,0,0,0,0,0,0,0,0,0,0,0,0,0,0,0,0
SS-25-4-4,0,0,0,0,0,0,0,0,0,0,0,1,0,0,0,0,0,0,0,0,24.5,26,0,1,63.5,68.5,0,0,3.5,4.5,0,0,0,0,0,0,0,0,0,0,3.5,4.5,0,0,0,0,0,0,0,0,0,0,0,0,0,0,0,0,0,0,0,0
SS-26-1 Ebrite,0,0,0,0,0,0,0,0,0,0,0,0,0,0,0,0,0,0,0,0,25,27,0,0.8,69.5,74,0,0,0,0.5,0,0.2,0,0,0,0,0,0,0.05,0.2,0.75,1.5,0,0,0,0,0,0,0,0,0,0,0,0,0,0,0,0,0,0,0,0
SS-29-4,0,0,0,0,0,0,0,0,0,0,0,0,0,0,0,0,0,0,0,0,28,30,0,0.3,64.849998,68.5,0,0,0,0.15,0,0.15,0,0,0,0,0,0,0,0,3.5,4.19,0,0,0,0,0,0,0,0,0,0,0,0,0,0,0,0,0,0,0,0
SS-29-4-2,0,0,0,0,0,0,0,0,0,0,0,0,0,0,0,0,0,0,0,0,28,30,0,0,63,66.5,0,0,2,2.5,0,0.15,0,0,0,0,0,0,0,0,3.5,4.19,0,0,0,0,0,0,0,0,0,0,0,0,0,0,0,0,0,0,0,0
SS-201,0,0,0,0,0,0,0,0,0,0,0,0,0,0,0,0,0,0,0,0,16,18,5.5,7.5,69,75,0,0,3.5,5.5,0,0,0,0,0,0,0,0,0,0,0,0.7,0,0,0,0,0,0,0,0,0,0,0,0,0,0,0,0,0,0,0,0
SS-203,0,0,0,0,0,0,0,0,0,0,0,1,0,0,0,0,0,0,0,0,16,18,5,6.5,65,72.25,0,0,5,6.5,1.75,2.25,0,0,0,0,0,0,0,0,0,0.7,0,0,0,0,0,0,0,0,0,0,0,0,0,0,0,0,0,0,0,0
SS-2304,0,0,0,0,0,0,0,0,0,0,0,0,0,0,0,0,0,0,0,0,21.5,24.5,0,2.5,66.900002,75.5,0,0,3,5.5,0.05,0.6,0,0,0,0,0,0,0,0,0,0,0,0,0,0,0,0,0,0,0,0,0,0,0,0,0,0,0,0,0,0
SS-254SMO,0,0,0,0,0,0,0,0,0,0,0,1,0,0,0,0,0,0,0,0,19,21,0,0,49.5,58.5,0,0,16.5,19.5,0.5,1,0,0,0,0,0,0,0,0,5.5,6.5,0,0,0,0,0,0,0,0,0,0,0,0,0,0,0,0,0,0,0,0
SS-301,0,0,0,0,0,0,0,0,0,0.1,0,1,0,0,0,0.1,0,0,0,0,16,18,0,2,69,78,0,0,6,7.5,0,0.8,0,0,0,0,0,0,0,0,0,0.7,0,0,0,0,0,0,0,0,0,0,0,0,0,0,0,0,0,0,0,0
SS-302HQ,0,0,0,0,0,0,0,0,0,0,0,1,0,0,0,0,0,0.1,0,0,17,19,0,2,64,75,0,0,8,10,3,4,0,0,0,0,0,0,0,0.1,0,0.7,0,0,0,0,0,0,0,0,0,0,0,0,0,0,0,0,0,0,0,0
SS-303,0,0,0,0,0,0,0,0,0,0,0,1,0,0,0.15,0.6,0,0.1,0,0,17,19,0,2,64,75,0,0,7,10,0,0,0,0,0,0,0,0,0,0,0,0.7,0,0,0,0,0,0,0,0,0,0,0,0,0,0,0,0,0,0,0,0
SS-303Se,0,0,0,0,0,0,0,0,0,0,0,1,0,0,0.06,0.4,0,0.1,0,0,17,19,0,2,64,75,0,0,8,10,0,0.75,0,0,0.15,1,0,0,0,0,0,0,0,0,0,0,0,0,0,0,0,0,0,0,0,0,0,0,0,0,0,0
SS-304,0,0,0,0,0,0,0,0,0,0,0,1,0,0,0,0.1,0,0.1,0,0,17,20,0,2,64,75,0,0,7.8,10.5,0,0.75,0,0,0,0,0,0,0,0.1,0,0.7,0,0,0,0,0,0,0,0,0,0,0,0,0,0,0,0,0,0,0,0
SS-309,0,0,0,0,0,0,0,0,0,0,0,1,0,0,0,0,0,0,0,0,21.5,24,0,2,58,66,0,0,12,15,0,0,0,0,0,0,0,0,0,0,0,0.7,0,0,0,0,0,0,0,0,0,0,0,0,0,0,0,0,0,0,0,0
SS-310,0,0,0,0,0,0,0,0,0,0,0,1.5,0,0,0,0,0,0,0,0,24,26,0,2.21,50,57,0,0,19,22,0,0.8,0,0,0,0,0,0,0,0,0,0.7,0,0,0,0,0,0,0,0,0,0,0,0,0,0,0,0,0,0,0,0
SS-316,0,0,0,0,0,0,0,0,0,0,0,1,0,0,0,0,0,0,0,0,16,19,0,2.21,63,72,0,0,10,14,0,1,0,0,0,0,0,0,0,0,1.9,2.8,0,0,0,0,0,0,0,0,0,0,0,0,0,0,0,0,0,0,0,0
SS-317,0,0,0,0,0,0,0,0,0,0,0,1,0,0,0,0,0,0,0,0,18,20,0,2,59,68,0,0,11,15,0,0,0,0,0,0,0,0,0,0,2.8,4,0,0,0,0,0,0,0,0,0,0,0,0,0,0,0,0,0,0,0,0
SS-321,0,0,0,0,0,0,0,0,0,0,0,1,0,0,0,0,0.15,0.7,0,0,17,20,0,2,64,75,0,0,8,11.5,0,0.75,0,0,0,0,0,0,0,0.1,0,0.7,0,0,0,0,0,0,0,0,0,0,0,0,0,0,0,0,0,0,0,0
SS-329,0,0,0,0,0,0,0,0,0,0,0,1,0,0,0,0,0,0,0,0,23,28,0,1,64,73.5,0,0,2.5,5,0,0,0,0,0,0,0,0,0,0,1,2,0,0,0,0,0,0,0,0,0,0,0,0,0,0,0,0,0,0,0,0
SS-330,0,0,0,0,0,0,0,0,0,0,0.7,1.5,0,0,0,0,0,0,0,0,17,20,0,2,39,48,0,0,34,37,0,1,0,0,0,0,0,0,0,0,0,0.3,0,0,0,0,0,0,0,0,0,0,0,0,0,0,0,0,0,0,0,0
SS-347,0,0,0,0,0,0,0,0,0,0,0,1,0,0,0,0,0,0,0,0,17,20,0,2,65,71,0,0,8.6,13,0,0.8,0,0,0,0,0,0,0.3,1.5,0,0.8,0,0,0,0,0,0,0,0,0,0,0,0,0,0,0,0,0,0,0,0
SS-409,0,0,0,0,0,0.08,0,0,0,0,0,1,0,0.04,0,0.05,0.09,0.75,0,0,10.5,11.75,0,1,85,90,0,0,0,0.5,0,0,0,0,0,0,0,0,0,0,0,0,0,0,0,0,0,0,0,0,0,0,0,0,0,0,0,0,0,0,0,0
SS-410/20,0,0,0,0,0,0,0,0,0,0,0,1,0,0,0,0.1,0,0.1,0,0,11.5,13.5,0,1,84,88.5,0,0,0,0,0,0,0,0,0,0,0,0,0,0,0,0.5,0,0,0,0,0,0,0,0,0,0,0,0,0,0,0,0,0,0,0,0
SS-410 Cb,0,0,0,0,0,0,0,0,0,0,0,0,0,0,0,0,0,0,0,0,11.5,13.5,0,1,85,88.5,0,0,0,0,0,0,0,0,0,0,0,0,0.05,0.45,0,0,0,0,0,0,0,0,0,0,0,0,0,0,0,0,0,0,0,0,0,0
SS-416,0,0,0,0,0,0,0,0,0,0,0,1,0,0,0.15,0.5,0,0,0,0,11.5,13.5,0,1,84,88.5,0,0,0,0,0,0,0,0,0,0,0,0,0,0,0,0.5,0,0,0,0,0,0,0,0,0,0,0,0,0,0,0,0,0,0,0,0
SS-422,0,0,0,0,0,0,0,0,0,0,0,1,0,0,0,0,0,0,0.15,0.3,11,13.5,0,1,80.5,87,0,0,0.5,1,0,0,0,0,0,0,0,0,0,0,0.75,1.25,0,0,0,0,0,0,0,0,0,0,0,0,0.75,1.25,0,0,0,0,0,0
SS-430/40,0,0,0,0,0,0,0,0,0,0,0,1,0,0,0,0,0,0,0,0,16,18,0,1,79,84,0,0,0,0,0,0,0,0,0,0,0,0,0,0,0,0.75,0,0,0,0,0,0,0,0,0,0,0,0,0,0,0,0,0,0,0,0
SS-431,0,0,0,0,0,0,0,0,0,0,0,1,0,0,0,0,0,0,0,0,15,17,0,1,78.5,84,0,0,1.25,2.5,0,0,0,0,0,0,0,0,0,0,0,0,0,0,0,0,0,0,0,0,0,0,0,0,0,0,0,0,0,0,0,0
SS-434,0,0,0,0,0,0,0,0,0,0,0,1,0,0,0,0,0,0,0,0,16,18,0,1,79,83,0,0,0,0,0,0,0,0,0,0,0,0,0,0,0.75,1.25,0,0,0,0,0,0,0,0,0,0,0,0,0,0,0,0,0,0,0,0
SS-441,0,0,0,0,0,0,0,0,0,0,0,1,0,0,0,0,0,0.5,0,0,17.5,19.5,0,1,76,82,0,0,0,1,0,0,0,0,0,0,0,0,0.5,0.9,0,0,0,0,0,0,0,0,0,0,0,0,0,0,0,0,0,0,0,0,0,0
SS-446,0,0,0,0,0,0,0,0,0,0,0,1,0,0,0,0,0,0,0,0,23,27,0,1.5,70.5,77,0,0,0,0,0,0,0,0,0,0,0,0,0,0,0,0,0,0,0,0,0,0,0,0,0,0,0,0,0,0,0,0,0,0,0,0
SS-2003,0,0,0,0,0,0,0,0,0,0,0,1,0,0,0,0,0,0,0,0,19.5,22.5,0,2,68.5,76,0,0,3,4,0,0,0,0,0,0,0,0,0,0,1.5,2,0,0,0,0,0,0,0,0,0,0,0,0,0,0,0,0,0,0,0,0
SS-2101,0,0,0,0,0,0,0,0,0,0,0,0,0,0,0,0,0,0,0,0,20.5,22.5,4,6,69.099998,74.300003,0,0,1,2,0,0,0,0,0,0,0,0,0,0,0.1,0.4,0,0,0,0,0,0,0,0,0,0,0,0,0,0,0,0,0,0,0,0
SS-2205,0,0,0,0,0,0,0,0,0,0,0,1,0,0,0,0,0,0,0,0,21,23,0,2,64,72,0,0,4.5,6.5,0,0,0,0,0,0,0,0,0,0,2.5,3.5,0,0,0,0,0,0,0,0,0,0,0,0,0,0,0,0,0,0,0,0
SS2507,0,0,0,0,0,0,0,0,0,0,0,1,0,0,0,0,0,0,0,0,24,26,0,1.2,59,67,0,0,6,8,0,0.1,0,0,0,0,0,0,0,0,3,5,0,0,0,0,0,0,0,0,0,0,0,0,0,0.1,0,0,0,0,0,0
A286,0,0,0,0,0,0,0,0,0,0,0,1,0,0,0,0,1.7,2.6,0,1,13.5,16,0,2,49,60,0,0,23.5,27,0,0,0,0,0,0,0,0,0,0,0.9,1.5,0,0,0,0,0,0,0,0,0,0,0,0,0,0,0,0,0,0,0,0
Aermet100,0,0,0,0,0,0,0,0,0,0,0,0,0,0,0,0,0,0,0,0,2.85,3.35,0,0.1,69.5,75,12.5,14.5,10.5,12.5,0,0,0,0,0,0,0,0,0,0,1,1.5,0,0,0,0,0,0,0,0,0,0,0,0,0,0,0,0,0,0,0,0
AL-6X,0,0,0,0,0,0,0,0,0,0,0,1,0,0,0,0,0,0,0,0,20,22,0,2,42.5,50.5,0,0,23,25.5,0,1,0,0,0,0,0,0,0,0,5.8,7,0,0,0,0,0,0,0,0,0,0,0,0,0,0,0,0,0,0,0,0
Alloy 20,0,0,0,0,0,0,0,0,0,0,0,0,0,0,0,0,0,0,0,0,19,21,0,0,43,51,0,0,25,29,3,4,0,0,0,0,0,0,0,0,2,3,0,0,0,0,0,0,0,0,0,0,0,0,0,0,0,0,0,0,0,0
Alloy 42,0,0,0,0,0,0,0,0,0,0,0,0,0,0,0,0,0,0,0,0,0,0,0,0,57,60,0,0,40,43,0,0,0,0,0,0,0,0,0,0,0,0,0,0,0,0,0,0,0,0,0,0,0,0,0,0,0,0,0,0,0,0
Alloy 49,0,0,0,0,0,0,0,0,0,0,0,0,0,0,0,0,0,0,0,0,0,0,0,0,50,53,0,0,47,50,0,0,0,0,0,0,0,0,0,0,0,0,0,0,0,0,0,0,0,0,0,0,0,0,0,0,0,0,0,0,0,0
Alloy 800,0,0,0,0,0,0,0,0,0.15,0.6,0,0,0,0,0,0,0.15,0.6,0,0,19,23,0,1.5,38,50,0,0,30,35,0,0.75,0,0,0,0,0,0,0,0,0,0,0,0,0,0,0,0,0,0,0,0,0,0,0,0,0,0,0,0,0,0
Alloy 801,0,0,0,0,0,0,0,0,0,0.1,0,1,0,0,0,0,0.75,1.5,0,0,19,22,0,1.5,38,50,0,0,30,35,0,0.75,0,0,0,0,0,0,0,0,0,0.3,0,0,0,0,0,0,0,0,0,0,0,0,0,0,0,0,0,0,0,0
Alloy 840,0,0,0,0,0,0,0,0,0,0,0,0,0,0,0,0,0,0,0,0,17,21,0,0,56,64,0,0,19,23,0,0,0,0,0,0,0,0,0,0,0,0,0,0,0,0,0,0,0,0,0,0,0,0,0,0,0,0,0,0,0,0
Alloy 903,0,0,0,0,0,0,0,0,0.21,1.4,0,0,0,0,0,0,0.9,1.4,0,0,0,1,0,1,34,48.5,13,17,35,40,0,0.5,0,0,0,0,0,0,2.41,3.5,0,0,0,0,0,0,0,0,0,0,0,0,0,0,0,0,0,0,0,0,0,0
Alloy 904,0,0,0,0,0,0,0,0,0,0,0,1,0,0,0,0,0,0,0,0,18,22,0,2,44,54,0,0,23,27,1.2,1.8,0,0,0,0,0,0,0,0,4,5,0,0,0,0,0,0,0,0,0,0,0,0,0,0,0,0,0,0,0,0
Alloy907/9,0,0,0,0,0,0,0,0,0,0,0,0,0,0,0,0,1.2,1.8,0,0,0,1,0,1,34.5,47.5,12,16,35,40,0,0.5,0,0,0,0,0,0,4.3,5.2,0,0,0,0,0,0,0,0,0,0,0,0,0,0,0,0,0,0,0,0,0,0
Alnico II,0,0,0,0,0,0,0,0,8,10,0,0,0,0,0,0,0,0,0,0,0,0,0,0,52,68,12,14,17,20,2,4,0,0,0,0,0,0,0,0,0,0,0,0,0,0,0,0,0,0,0,0,0,0,0,0,0,0,0,0,0,0
Alnico III,0,0,0,0,0,0,0,0,11,13,0,0,0,0,0,0,0,0,0,0,0,0,0,0,57,74,0,0,24,26,2,4,0,0,0,0,0,0,0,0,0,0,0,0,0,0,0,0,0,0,0,0,0,0,0,0,0,0,0,0,0,0
Alnico V,0,0,0,0,0,0,0,0,7,9,0,0,0,0,0,0,0,0,0,0,0,0,0,0,47.5,57,23,25,13,15,2.5,3.5,0,0,0,0,0,0,0,0,0,0,0,0,0,0,0,0,0,0,0,0,0,0,0,0,0,0,0,0,0,0
AM 350,0,0,0,0,0,0,0,0,0,0,0,0,0,0,0,0,0,0,0,0,16,17,0.5,1.25,73.5,77,0,0,4,5,0,0,0,0,0,0,0,0,0,0,2.5,3.25,0,0,0,0,0,0,0,0,0,0,0,0,0,0,0,0,0,0,0,0
AM 355,0,0,0,0,0,0,0,0,0,0,0,0,0,0,0,0,0,0,0,0,15,16,0.5,1.25,74.5,78,0,0,4,5,0,0,0,0,0,0,0,0,0,0,2.5,3.25,0,0,0,0,0,0,0,0,0,0,0,0,0,0,0,0,0,0,0,0
C-200,0,0,0,0,0,0,0,0,0,0,0,0,0,0,0,0,0,0.3,0,0,0,0.5,0,0,67,72,8,9,17,19,0,0.5,0,0,0,0,0,0,0,0,3,3.5,0,0,0,0,0,0,0,0,0,0,0,0,0,0,0,0,0,0,0,0
C-250,0,0,0,0,0,0,0,0,0,0,0,0,0,0,0,0,0.3,0.5,0,0,0,0,0,0,66,71,7,8.5,17,19,0,0,0,0,0,0,0,0,0,0,4.6,5.2,0,0,0,0,0,0,0,0,0,0,0,0,0,0,0,0,0,0,0,0
C-300,0,0,0,0,0,0,0,0,0,0,0,0,0,0,0,0,0.5,0.8,0,0,0,0,0,0,65,70,8,9.5,18,19,0,0,0,0,0,0,0,0,0,0,4.6,5.2,0,0,0,0,0,0,0,0,0,0,0,0,0,0,0,0,0,0,0,0
C-350,0,0,0,0,0,0,0,0,0,0,0,0,0,0,0,0,1.21,2,0,0,0,0.5,0,0,60,69,11,13,16,19,0,0.5,0,0,0,0,0,0,0,0,3,4.5,0,0,0,0,0,0,0,0,0,0,0,0,0,0,0,0,0,0,0,0
CD4MCU,0,0,0,0,0,0,0,0,0,0,0,1,0,0,0,0,0,0,0,0,25,26.5,0,1,60,66,0,0,4.75,6,2.75,3.25,0,0,0,0,0,0,0,0,1.75,2.25,0,0,0,0,0,0,0,0,0,0,0,0,0,0,0,0,0,0,0,0
Cronidur3,0,0,0,0,0,0,0,0,0,0,0,0,0,0,0,0,0,0,0,0,14,16,0,1,80,85,0,0,0,0.5,0,0,0,0,0,0,0,0,0,0,0.85,1.1,0,0,0,0,0,0,0,0,0,0,0,0,0,0,0,0,0,0,0,0
Custom 450,0,0,0,0,0,0,0,0,0,0,0,1,0,0,0,0,0,0,0,0,14,16,0,1,71,80,0,0,5,7,1,1.75,0,0,0,0,0,0,0.2,0.8,0.5,1,0,0,0,0,0,0,0,0,0,0,0,0,0,0,0,0,0,0,0,0
Custom 455,0,0,0,0,0,0,0,0,0,0,0,0,0,0,0,0,0.7,1.5,0,0,10.5,12.5,0,0,73,79.5,0,0,7.5,9.5,1.4,2.6,0,0,0,0,0,0,0.1,0.6,0,0.5,0,0,0,0,0,0,0,0,0,0,0,0,0,0,0,0,0,0,0,0
F-255,0,0,0,0,0,0,0,0,0,0,0,0,0,0,0,0,0,0,0,0,24,27,0,1.5,59.5,67,0,0,4.5,6.5,1.5,2.5,0,0,0,0,0,0,0,0,3,4,0,0,0,0,0,0,0,0,0,0,0,0,0,0,0,0,0,0,0,0
Ferralium,0,0,0,0,0,0,0,0,0,0,0,1,0,0,0,0,0,0,0,0,24,26,0,1,61,69,0,0,4.5,5.75,1,2,0,0,0,0,0,0,0,0,2,3,0,0,0,0,0,0,0,0,0,0,0,0,0,0,0,0,0,0,0,0
GreekAsc,0,0,0,0,0,0,0,0,0,0,0,0,0,0,0,0,0,0,0,0,12,14,0,0.5,79,83.5,0,0,1.8,2.2,0,0,0,0,0,0,0,0,0,0,0,0.5,0,0,0,0,0,0,0,0,0,0,0,0,2.5,3.5,0,0,0,0,0,0
HL,0,0,0,0,0,0,0,0,0,0,0,2,0,0,0,0,0,0,0,0,28,32,0,2,41.5,58,0,0,16,22,0,0,0,0,0,0,0,0,0,0,0,0.5,0,0,0,0,0,0,0,0,0,0,0,0,0,0,0,0,0,0,0,0
HN,0,0,0,0,0,0,0,0,0,0,0,2,0,0,0,0,0,0,0,0,19,23,0,2,45.5,60,0,0,23,27,0,0,0,0,0,0,0,0,0,0,0,0.5,0,0,0,0,0,0,0,0,0,0,0,0,0,0,0,0,0,0,0,0
HS556,0,0,0,0,0,0,0,0,0,0,0,1,0,0,0,0,0,0,0,0,21,23,0.5,2,21,39,16,21,19,22.5,0,0,0,0,0,0,0,0.1,0,0.3,2.5,4,0,0,0,0,0,0,0,0,0,0,0.3,1.25,2,3.5,0,0,0,0,0,0
Invar 36,0,0,0,0,0,0,0,0,0,0,0,0,0,0,0,0,0,0,0,0,0,0.5,0,0.6,61,65,0,0.5,35,37,0,0,0,0,0,0,0,0,0,0,0,0.5,0,0,0,0,0,0,0,0,0,0,0,0,0,0,0,0,0,0,0,0
Invar 39,0,0,0,0,0,0,0,0,0,0,0,0,0,0,0,0,0,0,0,0,0,0,0,0.1,60,62,0,0,38,40,0,0,0,0,0,0,0,0,0,0,0,0,0,0,0,0,0,0,0,0,0,0,0,0,0,0,0,0,0,0,0,0
Kovar,0,0,0,0,0,0,0,0,0,0,0,0,0,0,0,0,0,0,0,0,0,0.2,0,0.5,51,56,16,18,27,30,0,0.2,0,0,0,0,0,0,0,0,0,0.2,0,0,0,0,0,0,0,0,0,0,0,0,0,0,0,0,0,0,0,0
M-152,0,0,0,0,0,0,0,0,0,0,0,0,0,0,0,0,0,0,0,0.3,11,12.5,0.5,0.9,81,85.5,0,0,2,3,0,0,0,0,0,0,0,0,0,0,1.5,2,0,0,0,0,0,0,0,0,0,0,0,0,0,0,0,0,0,0,0,0
N-155,0,0,0,0,0,0,0,0,0,0,0,1,0,0,0,0,0,0,0,0,20,22.5,1,2,25,36,18.5,21,19,21,0,0,0,0,0,0,0,0,0.75,1.25,2.5,3.5,0,0,0,0,0,0,0,0,0,0,0,0,2,3,0,0,0,0,0,0
Ni-Hard 1,0,0,0,0,2.8,3.6,0,0,0,0,0,0.8,0,0,0,0,0,0,0,0,1,2,0,0,93,95,0,0,4,5,0,0,0,0,0,0,0,0,0,0,0,1,0,0,0,0,0,0,0,0,0,0,0,0,0,0,0,0,0,0,0,0
Ni-Hard 4,0,0,0,0,0,0,0,0,0,0,0,0,0,0,0,0,0,0,0,0,8,9,0.81,1.8,82,86,0,0,5,7,0,0,0,0,0,0,0,0,0,0,0,0,0,0,0,0,0,0,0,0,0,0,0,0,0,0,0,0,0,0,0,0
Ni-Resist1,0,0,0,0,0,0,0,0,0,0,1.5,2.5,0,0,0,0,0,0,0,0,1.5,2.5,0,0,72,80,0,0,13.5,16,5,7,0,0,0,0,0,0,0,0,0,0,0,0,0,0,0,0,0,0,0,0,0,0,0,0,0,0,0,0,0,0
Ni-Resist2,0,0,0,0,0,0,0,0,0,0,1.5,2.5,0,0,0,0,0,0,0,0,1.5,3,0,0,73.5,80,0,0,19,21,0,0,0,0,0,0,0,0,0,0,0,0,0,0,0,0,0,0,0,0,0,0,0,0,0,0,0,0,0,0,0,0
Ni-Resist3,0,0,0,0,0,0,0,0,0,0,1,2,0,0,0,0,0,0,0,0,2.5,3.5,0,0,61,69,0,0,28,32,0,0.5,0,0,0,0,0,0,0,0,0,0,0,0,0,0,0,0,0,0,0,0,0,0,0,0,0,0,0,0,0,0
Ni-Resist4,0,0,0,0,0,0,0,0,0,0,4.5,6.5,0,0,0,0,0,0,0,0,4.5,5.5,0,0,56,67,0,0,28,32,0,0.5,0,0,0,0,0,0,0,0,0,0,0,0,0,0,0,0,0,0,0,0,0,0,0,0,0,0,0,0,0,0
Ni-Resist5,0,0,0,0,0,0,0,0,0,0,0.75,2.25,0,0,0,0,0,0,0,0,2.5,3.5,0,0,58,63.5,0,0,33.5,36.5,0,0,0,0,0,0,0,0,0,0,0,0,0,0,0,0,0,0,0,0,0,0,0,0,0,0,0,0,0,0,0,0
Ni-Span-C,0,0,0,0,0,0,0,0,0.21,1,0,1,0,0,0,0,2.2,2.75,0,0,4.9,5.75,0,0.8,45,52,0,0,41,43.5,0,0,0,0,0,0,0,0,0,0,0,0,0,0,0,0,0,0,0,0,0,0,0,0,0,0,0,0,0,0,0,0
Nitronic32,0,0,0,0,0,0,0,0,0,0,0,1,0,0,0,0,0,0,0,0,17,19,11,13,64,71,0,0,1,2,0,0,0,0,0,0,0,0,0,0,0,1,0,0,0,0,0,0,0,0,0,0,0,0,0,0,0,0,0,0,0,0
Nitronic33,0,0,0,0,0,0,0,0,0,0,0,1,0,0,0,0,0,0,0,0,17,19,11.5,14.5,61,69,0,0,2.5,3.75,0,0,0,0,0,0,0,0,0,0,0,0.75,0,0,0,0,0,0,0,0,0,0,0,0,0,0,0,0,0,0,0,0
Nitronic40,0,0,0,0,0,0,0,0,0,0,0,1,0,0,0,0,0,0,0,0,19,21.5,8,10,60,67,0,0,5.5,7.5,0,0,0,0,0,0,0,0,0,0,0,0.3,0,0,0,0,0,0,0,0,0,0,0,0,0,0,0,0,0,0,0,0
Nitronic50,0,0,0,0,0,0,0,0,0,0,0,1,0,0,0,0,0,0,0.1,0.3,20.5,23.5,4,6,52.5,62.5,0,0,11.5,13.5,0,0,0,0,0,0,0,0,0.1,0.3,1.5,3,0,0,0,0,0,0,0,0,0,0,0,0,0,0,0,0,0,0,0,0
Nitronic60,0,0,0,0,0,0,0,0,0,0,3.21,4.81,0,0,0,0,0,0,0,0,16,18,7,9,58.5,69,0,0,7.5,9,0,0,0,0,0,0,0,0,0,0,0,0.75,0,0,0,0,0,0,0,0,0,0,0,0,0,0,0,0,0,0,0,0
ZeCor,0,0,0,0,0,0,0,0,0,0,5.5,6.5,0,0,0,0,0,0,0,0,13,15,0,2,56.5,68,0,0,15,17,0.75,1.5,0,0,0,0,0,0,0,0,0.75,1.5,0,0,0,0,0,0,0,0,0,0,0,0,0,0,0,0,0,0,0,0
Zeron 100,0,0,0,0,0,0,0,0,0,0,0,1,0,0,0,0,0,0,0,0,24,26,0,1,57.5,66,0,0,6,8.5,0.5,1,0,0,0,0,0,0,0,0,3,4,0,0,0,0,0,0,0,0,0,0,0,0,0.5,1,0,0,0,0,0,0
Ni-200,0,0,0,0,0,0,0,0,0,0,0,0,0,0,0,0,0,0,0,0,0,0,0,0.35,0,0.4,0,0,99,100,0,0.25,0,0,0,0,0,0,0,0,0,0,0,0,0,0,0,0,0,0,0,0,0,0,0,0,0,0,0,0,0,0
Alloy 52,0,0,0,0,0,0,0,0,0,0,0,0,0,0,0,0,0,0,0,0,0,0,0,0,48,50,0,0,50,52,0,0,0,0,0,0,0,0,0,0,0,0,0,0,0,0,0,0,0,0,0,0,0,0,0,0,0,0,0,0,0,0
Alloy 102,0,0,0,0,0,0,0,0,0.21,0.81,0,0,0,0,0,0,0.4,0.7,0,0,14,16,0,0.75,5,9,0,0,63,72,0,0,0,0,0,0,0,0,2.75,3.25,2.75,3.25,0,0,0,0,0,0,0,0,0,0,0,0,2.75,3.25,0,0,0,0,0,0
Alloy 400,0,0,0,0,0,0,0,0,0,0,0,0,0,0,0,0,0,0.1,0,0,0,0,0,2,0,2.5,0,0,63,70,25,37,0,0,0,0,0,0,0,0,0,0,0,0,0,0,0,0,0,0,0,0,0,0,0,0,0,0,0,0,0,0
Alloy 401,0,0,0,0,0,0,0,0,0,0,0,0,0,0,0,0,0,0,0,0,0,0,0,2.25,0,0.75,0,0,40,45,52,60,0,0,0,0,0,0,0,0,0,0,0,0,0,0,0,0,0,0,0,0,0,0,0,0,0,0,0,0,0,0
Alloy 411,0,0,0,0,0,0,0,0,0,0,0,0,0,0,0,0,0,0,0,0,0,0,0,0.8,0,1.5,0,0,63,70,26,36,0,0,0,0,0,0,0.8,1.6,0,0,0,0,0,0,0,0,0,0,0,0,0,0,0,0,0,0,0,0,0,0
Alloy 500,0,0,0,0,0,0.25,0,0,2.3,3.15,0,0.5,0,0,0,0,0.35,0.85,0,0,0,0,0,1.5,0,2,0,0,63,70,25,35,0,0,0,0,0,0,0,0,0,0,0,0,0,0,0,0,0,0,0,0,0,0,0,0,0,0,0,0,0,0
Alloy 600,0,0,0,0,0,0,0,0,0,0,0,0,0,0,0,0,0,0,0,0,14,17,0,1,6,10,0,0,72,80,0,0.5,0,0,0,0,0,0,0,0,0,0,0,0,0,0,0,0,0,0,0,0,0,0,0,0,0,0,0,0,0,0
Alloy 601,0,0,0,0,0,0,0,0,1,1.7,0,0,0,0,0,0,0,0,0,0,21,25,0,1,10,20,0,0,58,63,0,1,0,0,0,0,0,0,0,0,0,0,0,0,0,0,0,0,0,0,0,0,0,0,0,0,0,0,0,0,0,0
Alloy 625,0,0,0,0,0,0,0,0,0,0,0,0,0,0,0,0,0,0.5,0,0,20,23,0,0.5,0,5,0,0,57.349998,69,0,0,0,0,0,0,0,0,3.15,4.15,8,10,0,0,0,0,0,0,0,0,0,0,0,0,0,0,0,0,0,0,0,0
Alloy 686,0,0,0,0,0,0,0,0,0,0,0,0,0,0,0,0,0,0.25,0,0,19,23,0,0.75,0,5,0,0,49.5,63,0,0,0,0,0,0,0,0,0,0,15,17,0,0,0,0,0,0,0,0,0,0,0,0,3,4.4,0,0,0,0,0,0
Alloy 690,0,0,0,0,0,0,0,0,0,0,0,0.5,0,0,0,0,0,0,0,0,27,31,0,0.5,7,11,0,0,58,66,0,0.5,0,0,0,0,0,0,0,0,0,0,0,0,0,0,0,0,0,0,0,0,0,0,0,0,0,0,0,0,0,0
Alloy 702,0,0,0,0,0,0,0,0,2.5,4,0,1,0,0,0,0,0.25,1,0,0,14,17,0,1,0,2,0,0,74,85.75,0,0.5,0,0,0,0,0,0,0,0,0,0,0,0,0,0,0,0,0,0,0,0,0,0,0,0,0,0,0,0,0,0
Alloy 706,0,0,0,0,0,0,0,0,0,0,0,0,0,0,0,0,1.5,2,0,0,14.5,17.5,0,0.35,32.84,42.5,0,0,39,44,0,0,0,0,0,0,0,0,2.5,3.3,0,0,0,0,0,0,0,0,0,0,0,0,0,0,0,0,0,0,0,0,0,0
Alloy 713,0,0,0,0,0.08,0.2,0,0,5.31,6.7,0,0.7,0,0,0,0,0.5,1,0,0,12,14,0,0.25,0,2.5,0,0,67.5,82,0,0,0,0,0,0,0.05,0.15,1.8,2.8,3.8,5.2,0,0,0,0,0,0,0,0,0,0,0,0,0,0,0,0,0,0,0,0
Alloy 718,0,0,0,0,0,0,0,0,0,1,0,0,0,0,0,0,0.65,1.15,0,0,17,21,0,0.35,12.4,24.799999,0,1,50,55,0,0.3,0,0,0,0,0,0,4.75,5.5,2.8,3.3,0,0,0,0,0,0,0,0,0,0,0,0,0,0,0,0,0,0,0,0
Alloy 722,0,0,0,0,0,0,0,0,0.21,1.21,0,0,0,0,0,0,2,2.75,0,0,14,17,0,1,5,9,0,0,70,79,0,0.5,0,0,0,0,0,0,0,0,0,0,0,0,0,0,0,0,0,0,0,0,0,0,0,0,0,0,0,0,0,0
Alloy 725,0,0,0,0,0,0,0,0,0,0.5,0,0,0,0,0,0,1,1.7,0,0,19,22.5,0,0,5,15,0,0,55,59,0,0,0,0,0,0,0,0,2.75,4,7,9.5,0,0,0,0,0,0,0,0,0,0,0,0,0,0,0,0,0,0,0,0
Alloy 750,0,0,0,0,0,0,0,0,0.21,1.21,0,0,0,0,0,0,2.25,2.75,0,0,14,17,0,1,5,9,0,0,70,78,0,0.5,0,0,0,0,0,0,0.7,1.2,0,0,0,0,0,0,0,0,0,0,0,0,0,0,0,0,0,0,0,0,0,0
Alloy 754,0,0,0,0,0,0,0,0,0,0.61,0,0,0,0,0,0,0.3,0.7,0,0,19,21,0,0,0,2.5,0,0,76,80.5,0,0,0,0,0,0,0,0,0,0,0,0,0,0,0,0,0,0,0,0,0,0,0,0,0,0,0,0,0,0,0,0
Alloy 825,0,0,0,0,0,0,0,0,0,0,0,0,0,0,0,0,0.6,1.2,0,0,19.5,23.5,0,1,22,38,0,0,38,46,1.5,3,0,0,0,0,0,0,0,0,2.5,3.5,0,0,0,0,0,0,0,0,0,0,0,0,0,0,0,0,0,0,0,0
Alloy 901,0,0,0,0,0,0,0,0,0,0,0,0,0,0,0,0,2.33,3.1,0,0,11,14,0,1,29.4,41.5,0,0,40,45,0,0.5,0,0,0,0,0,0,0,0,5,7,0,0,0,0,0,0,0,0,0,0,0,0,0,0,0,0,0,0,0,0
Alloy 925,0,0,0,0,0,0,0,0,0,0,0,0,0,0,0,0,1.9,2.4,0,0,19.5,23.5,0,1,22,38,0,0.5,38,46,1.5,3,0,0,0,0,0,0,0,0,2.5,3.5,0,0,0,0,0,0,0,0,0,0,0,0,0,0,0,0,0,0,0,0
Alloy B,0,0,0,0,0,0,0,0,0,0,0,0,0,0,0,0,0,0,0.2,0.6,0,1,0,1,1,4,0,2.5,55.5,73,0,0,0,0,0,0,0,0,0,0,26,33,0,0,0,0,0,0,0,0,0,0,0,0,0,0,0,0,0,0,0,0
Alloy B-2,0,0,0,0,0,0,0,0,0,0,0,1,0,0,0,0,0,0,0,0,0,1,0,1,0,2,0,1,65,74,0,0,0,0,0,0,0,0,0,0,26,30,0,0,0,0,0,0,0,0,0,0,0,0,0,0,0,0,0,0,0,0
Alloy B-3,0,0,0,0,0,0,0,0,0,0,0,0,0,0,0,0,0,0,0,0,1,3,0,3,1,3,0,3,60,70,0,0.2,0,0,0,0,0,0,0,0.2,28,31,0,0,0,0,0,0,0,0,0,0,0,0,0,0,0,0,0,0,0,0
Alloy C-4,0,0,0,0,0,0,0,0,0,0,0,0,0,0,0,0,0.21,0.7,0,0,14,18,0,1,0,3,0,2,58,72,0,0,0,0,0,0,0,0,0,0.35,14,17,0,0,0,0,0,0,0,0,0,0,0,0,0,1,0,0,0,0,0,0
Alloy C-22,0,0,0,0,0,0,0,0,0,0,0,1,0,0,0,0,0,0,0,0.35,20,22.5,0,1,2,6,0,2.5,49,63,0,0,0,0,0,0,0,0,0,0,12.5,14.5,0,0,0,0,0,0,0,0,0,0,0,0,2.5,3.5,0,0,0,0,0,0
AlloyC-276,0,0,0,0,0,0,0,0,0,0,0,0,0,0,0,0,0,0,0,0.35,14.5,16.5,0,1,4,7,0,2.5,51,63.5,0,0,0,0,0,0,0,0,0,0,15,17,0,0,0,0,0,0,0,0,0,0,0,0,3,4.5,0,0,0,0,0,0
AlloyC2000,0,0,0,0,0,0,0,0,0,0,0,0,0,0,0,0,0,0,0,0,22,24,0,0.5,0,3,0,2,51.5,62,1.3,1.9,0,0,0,0,0,0,0,0,15,17,0,0,0,0,0,0,0,0,0,0,0,0,0,0,0,0,0,0,0,0
Alloy F,0,0,0,0,0,0,0,0,0,0,0,1,0,0,0,0,0,0,0,0,21,23,1,2,14.5,26.700001,0,2.5,44,47,0,0,0,0,0,0,0,0,1.8,2.5,5.5,7.5,0,0,0,0,0,0,0,0,0,0,0,0,0,1,0,0,0,0,0,0
Alloy G,0,0,0,0,0,0,0,0,0,0,0,1,0,0,0,0,0,0,0,0,21,23.5,1,2,18,21,0,2.5,36.5,51,1.5,2.5,0,0,0,0,0,0,1.75,2.5,5.5,7.5,0,0,0,0,0,0,0,0,0,0,0,0,0,1,0,0,0,0,0,0
Alloy G-2,0,0,0,0,0,0,0,0,0,0,0,1,0,0,0,0,0.7,1.5,0,0,23,26,0,1,10,23.5,0,0,47,52,0.7,1.2,0,0,0,0,0,0,0,0,5,7,0,0,0,0,0,0,0,0,0,0,0,0,0,0,0,0,0,0,0,0
Alloy G-3,0,0,0,0,0,0,0,0,0,0,0,1,0,0,0,0,0,0,0,0,21,23.5,0,1,18,21,0,5,36,53.5,1.5,2.5,0,0,0,0,0,0,0,0.5,6,8,0,0,0,0,0,0,0,0,0,0,0,0,0,1.5,0,0,0,0,0,0
Alloy G-30,0,0,0,0,0,0,0,0,0,0,0,1,0,0,0,0,0,0,0,0,28,31.5,0,1.5,13,17,0,5,30,52,1,2.4,0,0,0,0,0,0,0.3,1.5,4,6,0,0,0,0,0,0,0,0,0,0,0,0,1.5,4,0,0,0,0,0,0
Alloy N,0,0,0,0,0,0,0,0,0,0,0,1,0,0,0,0,0,0,0,0.5,6,8,0,1,0,5,0,0.2,66,79,0,0.35,0,0,0,0,0,0,0,0,15,18,0,0,0,0,0,0,0,0,0,0,0,0,0,0.5,0,0,0,0,0,0
Alloy S,0,0,0,0,0,0,0,0,0,0,0,0,0,0,0,0,0,0.11,0,0,14,18,0,1,0,3,0,2,58,72,0,0,0,0,0,0,0,0,0,0.35,14,17,0,0,0,0,0,0,0,0,0,0,0,0,0,1,0,0,0,0,0,0
Alloy W,0,0,0,0,0,0,0,0,0,0,0,1,0,0,0,0,0,0,0,0.6,4,6,0,1,4,7,0,0,58.41,69,0,0,0,0,0,0,0,0,0,0,23,26,0,0,0,0,0,0,0,0,0,0,0,0,0,0,0,0,0,0,0,0
Damron,0,0,2.5,3,0,0,0,0,0,0,3,5,0,0,0,0,0,0,0,0,0,0.2,0,0,0,0.6,0,0,91,95,0,0,0,0,0,0,0,0,0,0,0,0,0,0,0,0,0,0,0,0,0,0,0,0,0,0,0,0,0,0,0,0
D-205,0,0,0,0,0,0,0,0,0,0,0,0,0,0,0,0,0,0,0,0,19,21,0,0,5,7,0,0,66,73,1.5,2.5,0,0,0,0,0,0,0,0,1.5,3.5,0,0,0,0,0,0,0,0,0,0,0,0,0,0,0,0,0,0,0,0
D 979,0,0,0,0,0,0,0,0,0.75,1.3,0,0,0,0,0,0,2.7,3.3,0,0,14,16,0,0.75,21.5,33.5,0,0,42,48,0,0,0,0,0,0,0,0,0,0,3.75,4.5,0,0,0,0,0,0,0,0,0,0,0,0,3.75,4.5,0,0,0,0,0,0
Duranickel,0,0,0,0,0,0.3,0,0,4,5,0,1,0,0,0,0,0,0,0,0,0,0,0,0.5,0,0.6,0,0,93,99,0,0,0,0,0,0,0,0,0,0,0,0,0,0,0,0,0,0,0,0,0,0,0,0,0,0,0,0,0,0,0,0
GMR-235,0,0,0,0,0,0,0,0,2.5,3.5,0,0,0,0,0,0,1.5,2.5,0,0,15,16,0,0,9,11,0,0,61.5,69,0,0,0,0,0,0,0,0,0,0,5,5.5,0,0,0,0,0,0,0,0,0,0,0,0,0,0,0,0,0,0,0,0
Haynes 59,0,0,0,0,0,0,0,0,0,0,0,0,0,0,0,0,0,0,0,0,22,24,0,0.5,0,1.5,0,0,57.5,63,0,0,0,0,0,0,0,0,0,0,15,16.5,0,0,0,0,0,0,0,0,0,0,0,0,0,0,0,0,0,0,0,0
Haynes 214,0,0,0,0,0,0,0,0,3.8,5.2,0,0,0,0,0,0,0,0,0,0,15,17,0,0,2,4,0,0,74,82.5,0,0,0,0,0,0,0,0,0,0,0,0,0,0,0,0,0,0,0,0,0,0,0,0,0,0,0,0,0,0,0,0
Haynes 230,0,0,0,0,0,0,0,0,0,0,0,1,0,0,0,0,0,0,0,0,20,24,0.3,1,0,3,0,5,48,66,0,0,0,0,0,0,0,0,0,0,1,3,0,0,0,0,0,0,0,0,0,0,0,0,13,15,0,0,0,0,0,0
Haynes 242,0,0,0,0,0,0,0,0,0,0,0,0,0,0,0,0,0,0,0,0,7,9,0,0.8,1,2,0,2.5,59.200001,67,0,0.5,0,0,0,0,0,0,0,0,24,26,0,0,0,0,0,0,0,0,0,0,0,0,0,0,0,0,0,0,0,0
HW6015,0,0,0,0,0,0,0,0,0,0,0,0,0,0,0,0,0,0,0,0,10,14,0,2,20.5,33.5,0,0,56.5,63,0,0,0,0,0,0,0,0,0,0,0,0.5,0,0,0,0,0,0,0,0,0,0,0,0,0,0,0,0,0,0,0,0
Hy Mu 80,0,0,0,0,0,0,0,0,0,0,0,0,0,0,0,0,0,0,0,0,0,0,0,0,13,19,0,0,78,82,0,0,0,0,0,0,0,0,0,0,3,5,0,0,0,0,0,0,0,0,0,0,0,0,0,0,0,0,0,0,0,0
Mu Metal,0,0,0,0,0,0,0,0,0,0,0,0,0,0,0,0,0,0,0,0,0,2,0,0,17,20,0,0,72,78,4,6,0,0,0,0,0,0,0,0,0,0,0,0,0,0,0,0,0,0,0,0,0,0,0,0,0,0,0,0,0,0
NA 22H,0,0,0,0,0,0,0,0,0,0,0.5,1.5,0,0,0,0,0,0,0,0,26,30,1,2,10,21,0,0,46,50,0,0,0,0,0,0,0,0,0,0,0,0,0,0,0,0,0,0,0,0,0,0,0,0,5.5,6.5,0,0,0,0,0,0
Nichrome V,0,0,0,0,0,0,0,0,0,0,0.75,1.61,0,0,0,0,0,0,0,0,19,21,0,2.5,0,1,0,0,74,81,0,0,0,0,0,0,0,0,0,0,0,0,0,0,0,0,0,0,0,0,0,0,0,0,0,0,0,0,0,0,0,0
Nimonic 75,0,0,0,0,0,0,0,0,0,0,0,1,0,0,0,0,0.2,0.6,0,0,18,21,0,1,0,5,0,0,71,82,0,0.5,0,0,0,0,0,0,0,0,0,0,0,0,0,0,0,0,0,0,0,0,0,0,0,0,0,0,0,0,0,0
Nimonic 80,0,0,0,0,0,0,0,0,1.5,1.8,0,1,0,0,0,0,1.8,2.7,0,0,18,21,0,1,0,3,0,2,67,80,0,0,0,0,0,0,0,0,0,0,0,0,0,0,0,0,0,0,0,0,0,0,0,0,0,0,0,0,0,0,0,0
PWA 1475,0,0,0,0,0,0,0,0,0,0,0,0,0,0,0,0,0,0.11,0,0,9.75,10.7,0,0.21,0,0.25,0,0,70,81,0,0,0,0,0,0,0.25,0.38,0,0.11,1.75,2.33,0,0,0,0,0,0,0,0,1,1.36,3.8,4.5,2.9,3.55,0,0,0,0,0,0
Alloy 617,0,0,0,0,0,0,0,0,0.8,1.5,0,1,0,0,0,0,0,0.6,0,0,20,24,0,1,0,3,10,15,44.5,62,0,0,0,0,0,0,0,0,0,0,8,10,0,0,0,0,0,0,0,0,0,0,0,0,0,0,0,0,0,0,0,0
Alloy 700,0,0,0,0,0,0,0,0,2.71,3.71,0,0,0,0,0,0,2,2.5,0,0,14,16,0,0,0,4,28,30,40,52,0,0,0,0,0,0,0,0,0,0,3.41,4,0,0,0,0,0,0,0,0,0,0,0,0,0,0,0,0,0,0,0,0
Alloy 738,0,0,0,0,0,0,0,0,2.6,4.19,0,0,0,0,0,0,3,3.8,0,0,15,17,0,0,0,0,8,9,55.5,68,0,0,0,0,0,0,0,0.15,0.6,1.2,1.5,2,0,0,0,0,0,0,0,0,0,0,2,4,2.2,3,0,0,0,0,0,0
Alloy 792,0,0,0,0,0,0,0,0,3,5,0,0,0,0,0,0,3.5,4.5,0,0,12,14,0,0,0,0,8,10,52.5,69,0,0,0,0,0,0,0,0,0,0.5,1.61,2.4,0,0,0,0,0,0,0,0,1,2,3.5,4.5,3.5,4.5,0,0,0,0,0,0
Alloy 939 ,0,0,0,0,0,0,0,0,1.5,2.4,0,0,0,0,0,0,3,4.3,0,0,21.4,23.4,0,0,0,0,16,20,46.400002,56.299999,0,0,0,0,0,0,0,0.2,0.7,1.3,0,0,0,0,0,0,0,0,0,0,0,0,0.9,1.9,1.5,2.5,0,0,0,0,0,0
Alloy D,0,0,0,0,0,0,0,0,0,0,8,10,0,0,0,0,0,0,0,0,0,1.5,0,1.5,0,1.5,2,3,77.5,90,2,5,0,0,0,0,0,0,0,0,0,0,0,0,0,0,0,0,0,0,0,0,0,0,0,0,0,0,0,0,0,0
Alloy R,0,0,0,0,0,0,0,0,1.75,2.75,0,0,0,0,0,0,2.25,2.75,0,0,14,17,0,0,15,18,1,2,62,70,0,0,0,0,0,0,0,0,0,0,4.5,5.5,0,0,0,0,0,0,0,0,0,0,0,0,0,0,0,0,0,0,0,0
Alloy X,0,0,0,0,0,0,0,0,0,0,0,1,0,0,0,0,0,0,0,0,20.5,23,0,1,17,20,0.5,2.5,41.5,54,0,1,0,0,0,0,0,0,0,0,8,10,0,0,0,0,0,0,0,0,0,0,0,0,0.2,1,0,0,0,0,0,0
B-1900,0,0,0,0,0,0,0,0,5,8,0,2,0,0,0,0,0.7,1.3,0,0,7,9,0,0,0,0,9,11,60,75,0,0,0,0,0,0,0,0.1,0,0,5,7,0,0,0,0,0,0,0,0,0,0,3.5,4.8,0,0,0,0,0,0,0,0
B-1900Hf,0,0,0,0,0,0,0,0,5,7,0,0,0,0,0,0,0.7,1.3,0,0,7,9,0,0,0,0,9,11,59,75,0,0,0,0,0,0,0,0.1,0,0,5,7,0,0,0,0,0,0,0,0,0.8,1.4,3.8,4.81,0,0,0,0,0,0,0,0
C-101,0,0,0,0,0,0,0,0,2.8,4,0,0,0,0,0,0,3.6,4.4,0,0,12,13.4,0,0,0,0,8.5,9.5,52,63,0,0,0,0,0,0,0,0,0,0,1.5,2.2,0,0,0,0,0,0,0,0,0.6,1.4,0,0,11,13,0,0,0,0,0,0
C 1023,0,0,0,0,0,0,0,0,3.71,4.69,0,0,0,0,0,0,3.2,4,0,0,15,21,0,0,0,0,9,11.4,56,61,0,0,0,0,0,0,0,0,0,0,7.9,10,0,0,0,0,0,0,0,0,0,0,0,0,0,0,0,0,0,0,0,0
CMSX-2/3,0,0,0,0,0,0,0,0,5,6.2,0,0,0,0,0,0,0.5,1.5,0,0,7,9,0,0,0,0,4.5,5.5,61,73,0,0,0,0,0,0,0,0,0,0,0.3,0.9,0,0,0,0,0,0,0,0,0,0,5.25,6.75,7,9,0,0,0,0,0,0
CMSX-4,0,0,0,0,0,0,0,0,5,6.2,0,0,0,0,0,0,0.5,1.5,0,0,5.5,7.5,0,0,0,0,8,10,55.5,72,0,0,0,0,0,0,0,0,0,0,0.3,0.9,0,0,0,0,0,0,0,0,0,0.2,6,7,5,7,2,4,0,0,0,0
CMSX-6,0,0,0,0,0,0,0,0,4,5.5,0,0,0,0,0,0,4,5.4,0,0,9,11,0,0,0,0,4.5,5.5,65,75,0,0,0,0,0,0,0,0,0,0,2,4,0,0,0,0,0,0,0,0,0,0.2,1,3,0,0,0,0,0,0,0,0
HR-160,0,0,0,0,0,0,0,0,0,0,2.21,3.21,0,0,0,0,0.2,0.8,0,0,26,30,0,1.5,0,3.5,27,33,25,49,0,0,0,0,0,0,0,0,0,1,0,1,0,0,0,0,0,0,0,0,0,0,0,0,0,1,0,0,0,0,0,0
IN-100,0,0,0,0,0.15,0.2,0,0,5,6,0,0,0,0,0,0,4.5,5,0.7,1.2,8,11,0,0,0,1,13,17,56,67,0,0,0,0,0,0,0,0,0,0,2.5,3.5,0,0,0,0,0,0,0,0,0,0,0,0,0,0,0,0,0,0,0,0
M252,0,0,0,0,0.1,0.2,0,0,0.61,1.4,0,0,0,0,0,0,2.25,2.75,0,0,18,20,0,0,0,5,9,11,49.5,61,0,0,0,0,0,0,0,0,0,0,9,10.5,0,0,0,0,0,0,0,0,0,0,0,0,0,0,0,0,0,0,0,0
Mar M 002,0,0,0,0,0,0,0,0,4.5,5.5,0,0,0,0,0,0,1.25,1.75,0,0,9,11,0,0,0,1,9,11,54,68.5,0,0,0,0,0,0,0,0,0,0,0,0,0,0,0,0,0,0,0,0,1.25,1.75,2.25,2.75,9,11,0,0,0,0,0,0
Mar M 200,0,0,0,0,0.12,0.17,0,0,4.5,5.5,0,0,0,0,0,0,1.61,2.41,0,0,8,10,0,0,0,1.5,9,11,50.5,69,0,0,0,0,0,0,0,0.5,0.75,1.25,0,0,0,0,0,0,0,0,0,0,0,0,0,0,11.5,13.5,0,0,0,0,0,0
Mar M 246,0,0,0,0,0,0,0,0,5,6,0,0,0,0,0,0,1.25,1.75,0,0,8,10,0,0,0,0,9,11,55,68.5,0,0,0,0,0,0,0,0,0.75,1.25,2,3,0,0,0,0,0,0,0,0,0,0,1.25,1.75,9,11,0,0,0,0,0,0
Mar M 247,0,0,0,0,0,0,0,0,5,6,0,0,0,0,0,0,0.75,1.25,0,0,7,9,0,0,0,0,9,11,56,68,0,0,0,0,0,0,0,0,0,0,0.5,1,0,0,0,0,0,0,0,0,1,2,2.5,3.5,9,11,0,0,0,0,0,0
N4M2,0,0,0,0,0,0,0,0,0,0,0,0,0,0,0,0,3.2,3.8,0,0,9,11,0,0,0,0,6.5,8.5,60,71,0,0,0,0,0,0,0,0,0,0.7,1.2,1.8,0,0,0,0,0,0,0,0,0,0.5,4.3,5.3,5,7,0,0,0,0,0,0
NA Sup22H,0,0,0,0,0,0,0,0,0,0,0.75,1.75,0,0,0,0,0,0,0,0,26,30,1,2,6.5,20,2,4,46,50,0,0,0,0,0,0,0,0,0,0,0,0,0,0,0,0,0,0,0,0,0,0,0,0,4.5,5.5,0,0,0,0,0,0
Nimonic 90,0,0,0,0,0,0,0,0,0.61,2.21,0,1.5,0,0,0,0,1.8,3,0,0,18,21,0,1,0,3,15,21,47,65,0,0,0,0,0,0,0,0,0,0,0,0,0,0,0,0,0,0,0,0,0,0,0,0,0,0,0,0,0,0,0,0
Nimonic105,0,0,0,0,0,0,0,0,3.8,5.2,0,0,0,0,0,0,1.2,1.6,0,0,14,16,0,0,0,0,19,21,51.5,62,0,0,0,0,0,0,0,0,0,0,4.5,5.5,0,0,0,0,0,0,0,0,0,0,0,0,0,0,0,0,0,0,0,0
Nimonic115,0,0,0,0,0,0,0,0,3.3,4.69,0,0,0,0,0,0,0,0,0,0,14,16,0,0,0,0,19,21,53,62.5,0,0,0,0,0,0,0,0,0,0,4.5,5.5,0,0,0,0,0,0,0,0,0,0,0,0,0,0,0,0,0,0,0,0
Nimonic263,0,0,0,0,0,0,0,0,0.11,0.81,0,0,0,0,0,0,1.8,2.5,0,0,19,21,0,0.6,0,0.7,19,21,48,55,0,0,0,0,0,0,0,0,0,0,5.41,6.1,0,0,0,0,0,0,0,0,0,0,0,0,0,0,0,0,0,0,0,0
PWA 1426,0,0,0,0,0,0,0,0,5,7,0,0,0,0,0,0,0,0,0,0,6,7,0,0,0,0,11.5,13.5,55,63,0,0,0,0,0,0,0,0,0,0,1,2,0,0,0,0,0,0,0,0,1,2,2.5,4.5,6,7,2.5,3.5,0,0,0,0
PWA 1480,0,0,0,0,0,0,0,0,4,6,0,0,0,0,0,0,1,2,0,0,9,11,0,0,0,0,4,6,57,70,0,0,0,0,0,0,0,0,0,0,0,0,0,0,0,0,0,0,0,0,0,0,11,13,3,5,0,0,0,0,0,0
PWA 1484,0,0,0,0,0,0,0,0,4,6,0,0,0,0,0,0,0,0,0,0,4,6,0,0,0,0,9,11,55,70,0,0,0,0,0,0,0,0,0,0.5,1.6,2.4,0,0,0,0,0,0,0,0,0,0.3,8,10,5,7,2,4,0,0,0,0
RA 333,0,0,0,0,0,0,0,0,0,0,0.7,1.5,0,0,0,0,0,0,0,0,24,27,0,2,10,24,2.5,4,44,47,0,0.5,0,0,0,0,0,0,0,0,2.5,4,0,0,0,0,0,0,0,0,0,0,0,0,2.5,4,0,0,0,0,0,0
Refract 26,0,0,0,0,0,0,0,0,0,1,0,0,0,0,0,0,2.5,3.5,0,0,17,19,0.3,0.7,17,19,17.5,20.5,34,43,0,0,0,0,0,0,0,0,0,0,2.5,3.5,0,0,0,0,0,0,0,0,0,0,0,0,0,0,0,0,0,0,0,0
Rene 41,0,0,0,0,0,0,0,0,1.21,2,0,0,0,0,0,0,3,3.3,0,0,18,20,0,0,0,5,10,12,47,60,0,0,0,0,0,0,0,0,0,0,9,10.5,0,0,0,0,0,0,0,0,0,0,0,0,0,0,0,0,0,0,0,0
Rene 77,0,0,0,0,0,0,0,0,3.8,5,0,0,0,0,0,0,3,4,0,0,13,15.25,0,0,0,2.5,14,15.25,52,63,0,0,0,0,0,0,0,0,0,0,4,5.7,0,0,0,0,0,0,0,0,0,0,0,0,0,0,0,0,0,0,0,0
Rene 80,0,0,0,0,0,0,0,0,2.41,3.6,0,0,0,0,0,0,4.5,5.5,0,0,13,15,0,0,0,0,9,10,57,64,0,0,0,0,0,0,0,0,0,0,3.5,4.5,0,0,0,0,0,0,0,0,0,0,0,0,3.5,4.5,0,0,0,0,0,0
Rene 85,0,0,0,0,0,0,0,0,4.5,6,0,0,0,0,0,0,2.75,3.75,0,0,8.5,10,0,0,0,0,14,16,54.5,67,0,0,0,0,0,0,0,0,0,0,2.75,3.75,0,0,0,0,0,0,0,0,0,0,0,0,4.8,6,0,0,0,0,0,0
Rene 95,0,0,0,0,0,0,0,0,3.5,4.5,0,0,0,0,0,0,2,3,0,0,13,15,0,0,0,0,7,9,56.5,69,0,0,0,0,0,0,0,0,3,4,3,4,0,0,0,0,0,0,0,0,0,0,0,0,3,4,0,0,0,0,0,0
Rene 125,0,0,0,0,0,0,0,0,3.8,5.81,0,0,0,0,0,0,2.2,3,0,0,8,10,0,0,0,0,9,11,54,68.5,0,0,0,0,0,0,0,0.05,0,0,1.6,2.4,0,0,0,0,0,0,0,0,1.3,1.9,3.1,4.5,6,8,0,0,0,0,0,0
Rene 142,0,0,0,0,0,0,0,0,5.2,6.2,0,0,0,0,0,0,0,0,0,0,6,7.4,0,0,0,0,11,13,55,69,0,0,0,0,0,0,0,0,0,0,1,2.5,0,0,0,0,0,0,0,0,1.2,1.8,4,7,4,6,2.5,3.5,0,0,0,0
Rene 220,0,0,0,0,0,0,0,0,0,0,0,0,0,0,0,0,0.5,1.5,0,0,17,19,0,0,0,0,11,13,55,62,0,0,0,0,0,0,0,0,4,6,2.5,3.5,0,0,0,0,0,0,0,0,0,0,2.3,3.5,0,0,0,0,0,0,0,0
SuperTherm,0,0,0,0,0,0,0,0,0,0,0,0,0,0,0,0,0,0,0,0,24,28,0,0,16,18,14,16,32.5,41.5,0,0,0,0,0,0,0,0,0,0,0,0,0,0,0,0,0,0,0,0,0,0,0,0,4.5,5.5,0,0,0,0,0,0
Thetalloy,0,0,0,0,0,0,0,0,0,0,0,1.5,0,0,0,0,0,0,0,0,23,26,1,3,0,5,11.5,13.5,40,56,0,0,0,0,0,0,0,0,0,0,2.5,3.5,0,0,0,0,0,0,0,0,0,0,0,0,6,8,0,0,0,0,0,0
Udimet 500,0,0,0,0,0,0,0,0,2.25,3.5,0,0,0,0,0,0,2.5,3.25,0,0,15,20,0,0.75,0,4,17,20,43.5,60,0,0.15,0,0,0,0,0,0,0,0,3,5,0,0,0,0,0,0,0,0,0,0,0,0,0,0,0,0,0,0,0,0
Udimet 520,0,0,0,0,0,0,0,0,1.5,2.5,0,0,0,0,0,0,2.5,3.5,0,0,18,20,0,0,0,1.5,11,13,51,63,0,0,0,0,0,0,0,0,0,0,5,7,0,0,0,0,0,0,0,0,0,0,0,0,0.5,1.5,0,0,0,0,0,0
Udimet 700,0,0,0,0,0,0,0,0,3.5,5,0,0,0,0,0,0,3,4,0,0,13,17,0,0,0,1,17,20,47.5,60,0,0,0,0,0,0,0,0,0,0,4.5,5.7,0,0,0,0,0,0,0,0,0,0,0,0,0,0,0,0,0,0,0,0
Udimet 720,0,0,0,0,0,0,0,0,2,3,0,0,0,0,0,0,4.5,5.5,0,0,15,17,0,0,0,0.3,13,15,54,62,0,0,0,0,0,0,0,0,0,0,2.5,3.5,0,0,0,0,0,0,0,0,0,0,0,0,1,1.5,0,0,0,0,0,0
Waspaloy,0,0,0,0,0,0,0,0,1,2,0,1,0,0,0,0,2.5,3.25,0,0,18,21,0,1,0,2,12,15,49,64,0,0.5,0,0,0,0,0,0,0,0,3.5,5,0,0,0,0,0,0,0,0,0,0,0,0,0,0,0,0,0,0,0,0
CP Co,0,0,0,0,0,0,0,0,0,0,0,0,0,0,0,0,0,0,0,0,0,0,0,0,0,0,99,100,0,0,0,0,0,0,0,0,0,0,0,0,0,0,0,0,0,0,0,0,0,0,0,0,0,0,0,0,0,0,0,0,0,0
Alloy 783,0,0,0,0,0,0,0,0,4.81,6.2,0,0,0,0,0,0,0,3.4,0,0,2.5,3.5,0,0.5,24,27,25.5,45,26,30,0,0.5,0,0,0,0,0,0,2.5,3.5,0,0,0,0,0,0,0,0,0,0,0,0,0,0,0,0,0,0,0,0,0,0
Elgiloy,0,0,0,0,0,0,0,0,0,0,0,0,0,0,0,0,0,0,0,0,19,21,1.5,2.5,11.5,19.5,39,41,15,16,0,0,0,0,0,0,0,0,0,0,6,8,0,0,0,0,0,0,0,0,0,0,0,0,0,0,0,0,0,0,0,0
F-75,0,0,0,0,0,0,0,0,0,0,0,1,0,0,0,0,0,0,0,0,26,30,0,1,0,0.75,59.5,69,0,1,0,0,0,0,0,0,0,0,0,0,5,7,0,0,0,0,0,0,0,0,0,0,0,0,0,0,0,0,0,0,0,0
FSX-414,0,0,0,0,0,0,0,0,0,0,0,1,0,0,0,0,0,0,0,0,28,31,0,1,0,2,45.5,56.5,9,12,0,0,0,0,0,0,0,0,0,0,0,0,0,0,0,0,0,0,0,0,0,0,0,0,6.5,7.5,0,0,0,0,0,0
HS-1,0,0,0,0,0,0,0,0,0,0,0.81,1.8,0,0,0,0,0,0,0,0,28,32,0.25,0.8,2.5,4,45,56,1,2,0,0,0,0,0,0,0,0,0,0,0.25,0.75,0,0,0,0,0,0,0,0,0,0,0,0,12,14,0,0,0,0,0,0
HS-3,0,0,0,0,0,0,0,0,0,0,0,2,0,0,0,0,0,0,0,0,28,33,0,2,2,5,40.5,59,0,3.5,0,0,0,0,0,0,0,0,0,0,0,0,0,0,0,0,0,0,0,0,0,0,0,0,11,14,0,0,0,0,0,0
HS-4,0,0,0,0,0,0,0,0,0,0,0,1.5,0,0,0,0,0,0,0,0,28,32,0,1,0,3,43.5,60,0,3,0,0,0,0,0,0,0,0,0,0,0,0,0,0,0,0,0,0,0,0,0,0,0,0,12,16,0,0,0,0,0,0
HS-6B,0,0,0,0,0.9,1.4,0,0,0,0,0.2,2,0,0,0,0,0,0,0,0,28,32,0.5,2,0,3,49.599998,66.900002,0,3,0,0,0,0,0,0,0,0,0,0,0,1.5,0,0,0,0,0,0,0,0,0,0,0,0,3.5,5.5,0,0,0,0,0,0
HS-12,0,0,0,0,0,0,0,0,0,0,0,1.21,0,0,0,0,0,0,0,0,28,32,1.5,3,3,5,47.5,59.5,1,2,0,0,0,0,0,0,0,0,0,0,0,0,0,0,0,0,0,0,0,0,0,0,0,0,7,9.5,0,0,0,0,0,0
HS-19,0,0,0,0,0,0,0,0,0,0,0,1,0,0,0,0,0,0,0,0,29,33,0,1,0,3,48,61,0,3,0,0,0,0,0,0,0,0,0,0,0,0,0,0,0,0,0,0,0,0,0,0,0,0,10,11,0,0,0,0,0,0
HS-21,0,0,0,0,0,0,0,0,0,0,0,1,0,0,0,0,0,0,0,0,25,29,0,1,0,3,56,68,1.75,3.75,0,0,0,0,0,0,0,0,0,0,5,6,0,0,0,0,0,0,0,0,0,0,0,0,0,0,0,0,0,0,0,0
HS-23,0,0,0,0,0,0,0,0,0,0,0,1.5,0,0,0,0,0,0,0,0,23,25,0,0,0,2,62.5,72,1,3,0,0,0,0,0,0,0,0,0,0,0,0,0,0,0,0,0,0,0,0,0,0,0,0,4,6,0,0,0,0,0,0
HS25(L605),0,0,0,0,0,0,0,0,0,0,0,1,0,0,0,0,0,0,0,0,19,21,0,2,0,3,45.5,58,9,11,0,0,0,0,0,0,0,0,0,0,0,1.5,0,0,0,0,0,0,0,0,0,0,0,0,14,16,0,0,0,0,0,0
HS-27,0,0,0,0,0,0,0,0,0,0,0,1,0,0,0,0,0,0,0,0,24,26,0,0,0,2,32,41,30,34,0,0,0,0,0,0,0,0,0,0,5,6,0,0,0,0,0,0,0,0,0,0,0,0,0,0,0,0,0,0,0,0
HS-30,0,0,0,0,0,0,0,0,0,0,0,1.5,0,0,0,0,0,0,0,0,25,27,0,1.5,0,2,45,56,14,16,0,0,0,0,0,0,0,0,0,0,5,7,0,0,0,0,0,0,0,0,0,0,0,0,0,0,0,0,0,0,0,0
HS31X40/45,0,0,0,0,0,0,0,0,0,0,0,1,0,0,0,0,0,0,0,0,24.5,26.5,0,1,0,2,50,59,9.5,11.5,0,0,0,0,0,0,0,0,0,0,0,0,0,0,0,0,0,0,0,0,0,0,0,0,7,8,0,0,0,0,0,0
HS-36,0,0,0,0,0,0,0,0,0,0,0,1,0,0,0,0,0,0,0,0,17.5,19.5,0,1.5,0,2,49,60,9,11,0,0,0,0,0,0,0,0,0,0,0,0,0,0,0,0,0,0,0,0,0,0,0,0,14,16,0,0,0,0,0,0
HS-188,0,0,0,0,0,0,0,0,0,0,0,0,0,0,0,0,0,0,0,0,20,24,0,1.25,0,3,35,45,20,24,0,0,0,0,0,0,0,0,0,0,0,0.7,0,0,0,0,0,0,0,0,0,0,0,0,13,16,0,0,0,0,0,0
Jetalloy,0,0,0,0,0,0,0,0,0,0,0,0,0,0,0,0,3.7,4.69,0,0,19,21,0,0,2,2.6,35,40,28,30,0,0,0,0,0,0,0,0,0,0,0,0,0,0,0,0,0,0,0,0,0,0,0,0,6,8,0,0,0,0,0,0
Mar M 302,0,0,0,0,0,0,0,0,0,0,0,0,0,0,0,0,0,0,0,0,20,23,0,0,0,1.5,54,63,0,0,0,0,0,0,0,0,0.01,0.3,0,0,0,0,0,0,0,0,0,0,0,0,0,0,8,10,9,11,0,0,0,0,0,0
Mar M 509,0,0,0,0,0,0,0,0,0,0,0,0,0,0,0,0,0,0.5,0,0,22,25,0,0,0,2,49.5,60,9,11,0,0,0,0,0,0,0.3,0.7,0,0,0,0,0,0,0,0,0,0,0,0,0,0,3,4,6,8,0,0,0,0,0,0
Mar M 905,0,0,0,0,0,0,0,0,0,0,0,0,0,0,0,0,0.25,0.75,0,0,18,22,0,0,0,0,47,57,18,22,0,0,0,0,0,0,0,0.2,0,0,0,0,0,0,0,0,0,0,0,0,0,0,7,8,0,0,0,0,0,0,0,0
MP-159,0,0,0,0,0,0,0,0,0,0,0,0,0,0,0,0,2.5,3.25,0,0,18,20,0,0,8,10,34,38,20,31,0,0,0,0,0,0,0,0,0.25,0.75,6,8,0,0,0,0,0,0,0,0,0,0,0,0,0,0,0,0,0,0,0,0
MP35N,0,0,0,0,0,0,0,0,0,0,0,0,0,0,0,0,0,1,0,0,19,21,0,0,0,1,30,39,33,37,0,0,0,0,0,0,0,0,0,0,9,10.5,0,0,0,0,0,0,0,0,0,0,0,0,0,0,0,0,0,0,0,0
Refract 80,0,0,0,0,0,0,0,0,0,0,0,1.5,0,0,0,0,0,0,0,0,19,21,0,1.21,9,20,29,31,19,21,0,0,0,0,0,0,0,0,0,0,9,11,0,0,0,0,0,0,0,0,0,0,0,0,4,6,0,0,0,0,0,0
Star J,0,0,0,0,0,0,0,0,0,0,0,2,0,0,0,0,0,0,0,0,31,33,0,2,0,3,38,51,2,3,0,0,0,0,0,0,0,0,0,0,0,0,0,0,0,0,0,0,0,0,0,0,0,0,16,19,0,0,0,0,0,0
Ultim 1233,0,0,0,0,0,0,0,0,0,0,0,1,0,0,0,0,0,0,0,0,23.5,27.5,0.1,1.5,1,5,46,63.5,7,11,0,0,0,0,0,0,0,0,0,0,4,6,0,0,0,0,0,0,0,0,0,0,0,0,1,3,0,0,0,0,0,0
Vic I,0,0,0,0,0,0,0,0,0,0,0,0,0,0,0,0,0,0,9,11,0,0,0,0,33,39,50,54,0,0,0,0,0,0,0,0,0,0,0,0,0,0,0,0,0,0,0,0,0,0,0,0,0,0,1.7,2.08,0,0,0,0,0,0
Vic II,0,0,0,0,0,0,0,0,0,0,0,0,0,0,0,0,0,0,13,15,0,0,0,0,31,37,50,54,0,0,0,0,0,0,0,0,0,0,0,0,0,0,0,0,0,0,0,0,0,0,0,0,0,0,0,0,0,0,0,0,0,0
WI-52,0,0,0,0,0,0,0,0,0,0,0,0,0,0,0,0,0,0,0,0,20,22,0,0,1,2.5,60,67.5,0,1,0,0,0,0,0,0,0,0,1.5,2.5,0,0,0,0,0,0,0,0,0,0,0,0,0,0,10,12,0,0,0,0,0,0
Ti-CP,0,0,0,0,0,0,0,0,0,0,0,0,0,0,0,0,98,100,0,0,0,0,0,0,0,0,0,0,0,0,0,0,0,0,0,0,0,0,0,0,0,0.21,0,0.05,0,0,0,0,0,0,0,0,0,0,0,0,0,0,0,0,0,0
Ti-CP Pd,0,0,0,0,0,0,0,0,0,0,0,0,0,0,0,0,98,100,0,0,0,0,0,0,0,0,0,0,0,0,0,0,0,0,0,0,0,0,0,0,0,0.21,0.05,0.25,0,0,0,0,0,0,0,0,0,0,0,0,0,0,0,0,0,0
Ti-8Mn,0,0,0,0,0,0,0,0,0,0,0,0,0,0,0,0,90,95,0,0,0,0,7,9,0,0,0,0,0,0,0,0,0,0,0,0,0,0,0,0,0,0,0,0,0,0,0,0,0,0,0,0,0,0,0,0,0,0,0,0,0,0
Ti-12Ni,0,0,0,0,0,0,0,0,0,0,0,0,0,0,0,0,97,99,0,0,0,0,0,0,0,0,0,0,0.6,0.9,0,0,0,0,0,0,0,0,0,0,0.2,0.4,0,0,0,0,0,0,0,0,0,0,0,0,0,0,0,0,0,0,0,0
Ti-17,0,0,0,0,0,0,0,0,4.25,5.75,0,0,0,0,0,0,80,86,0,0,3.5,4.5,0,0,0,0,0,0,0,0,0,0,0,0,0,0,1.5,2.5,0,0,3.5,4.5,0,0,0,0,1.5,2.5,0,0,0,0,0,0,0,0,0,0,0,0,0,0
Ti3-2.5,0,0,0,0,0,0,0,0,2.5,3.5,0,0,0,0,0,0,93,98,2,3,0,0,0,0,0,0,0,0,0,0,0,0,0,0,0,0,0,0,0,0,0,0,0,0,0,0,0,0.5,0,0,0,0,0,0,0,0,0,0,0,0,0,0
Ti 4-2-5,0,0,0,0,0,0,0,0,3.5,4.5,0,0,0,0,0,0,90.75,96.75,2,3,0,0,0,0,1.25,1.75,0,0,0,0,0,0,0,0,0,0,0,0,0,0,0,0,0,0,0,0,0,0,0,0,0,0,0,0,0,0,0,0,0,0,0,0
Ti5-2.5,0,0,0,0,0,0,0,0,4,6,0,0,0,0,0,0,90,98,0,0,0,0,0,0,0,0,0,0,0,0,0,0,0,0,0,0,0,0,0,0,0,0,0,0,0,0,2,3,0,0,0,0,0,0,0,0,0,0,0,0,0,0
Ti5-5-5-3,0,0,0,0,0,0,0,0,4.5,5.5,0,0,0,0,0,0,79,84,4.5,5.5,2.5,3.5,0,0,0.25,0.75,0,0,0,0,0,0,0,0,0,0,0,0,0,0,4.5,5.5,0,0,0,0,0,0,0,0,0,0,0,0,0,0,0,0,0,0,0,0
Ti6-2-1-1,0,0,0,0,0,0,0,0,5,7,0,0,0,0,0,0,87.5,98,0,0,0,0,0,0,0,0,0,0,0,0,0,0,0,0,0,0,0,0,1.5,2.5,0.6,1.4,0,0,0,0,0,0,0,0,0,0,0.6,1.4,0,0,0,0,0,0,0,0
Ti6-2-4-2,0,0,0,0,0,0,0,0,5.5,6.5,0,0,0,0,0,0,84,90,0,0,0,0,0,0,0,0,0,0,0,0,0,0,0,0,0,0,3.5,4.5,0,0,1.5,2.5,0,0,0,0,1.5,2.5,0,0,0,0,0,0,0,0,0,0,0,0,0,0
Ti6-2-4-6,0,0,0,0,0,0,0,0,5.5,6.5,0,0,0,0,0,0,80,86,0,0,0,0,0,0,0,0,0,0,0,0,0,0,0,0,0,0,3.5,4.5,0,0,5.5,6.5,0,0,0,0,1.5,2.5,0,0,0,0,0,0,0,0,0,0,0,0,0,0
Ti6-4,0,0,0,0,0,0,0,0,5.5,6.5,0,0,0,0,0,0,88.5,96.5,3.5,4.5,0,0,0,0,0,0,0,0,0,0,0,0,0,0,0,0,0,0,0,0,0,0,0,0,0,0,0,0.5,0,0,0,0,0,0,0,0,0,0,0,0,0,0
Ti6-6-2,0,0,0,0,0,0,0,0,5,6.5,0,0,0,0,0,0,84.5,95,5,6.5,0,0,0,0,0,1,0,0,0,0,0,1,0,0,0,0,0,0,0,0,0,0,0,0,0,0,1.5,2.5,0,0,0,0,0,0,0,0,0,0,0,0,0,0
Ti6-22-22,0,0,0,0,0,0,0,0,5.25,6.75,0,0,0,0,0,0,84,93,0,0,1.8,2.2,0,0,0,0,0,0,0,0,0,0,0,0,0,0,1.8,2.2,0,0,1.8,2.2,0,0,0,0,1.5,2.5,0,0,0,0,0,0,0,0,0,0,0,0,0,0
Ti 7-4,0,0,0,0,0,0,0,0,6,8,0,0,0,0,0,0,87,96.5,0,0,0,0,0,0,0,0.5,0,0,0,0,0,0,0,0,0,0,0,0,0,0,3.5,5,0,0,0,0,0,0,0,0,0,0,0,0,0,0,0,0,0,0,0,0
Ti8-1-1,0,0,0,0,0,0,0,0,7,9,0,0,0,0,0,0,88,99,0.5,1.5,0,0,0,0,0,0,0,0,0,0,0,0,0,0,0,0,0,0,0,0,0.5,1.5,0,0,0,0,0,0,0,0,0,0,0,0,0,0,0,0,0,0,0,0
Ti8-8-2-3,0,0,0,0,0,0,0,0,2.41,3.6,0,0,0,0,0,0,77,81,7.5,8.5,0,0,0,0,1.6,2.4,0,0,0,0,0,0,0,0,0,0,0,0,0,0,7.5,8.5,0,0,0,0,0,0,0,0,0,0,0,0,0,0,0,0,0,0,0,0
Ti10-2-3,0,0,0,0,0,0,0,0,2.5,3.5,0,0,0,0,0,0,83,90,9,11,0,0,0,0,1.5,2.5,0,0,0,0,0,0,0,0,0,0,0,0,0,0,0,0,0,0,0,0,0,0,0,0,0,0,0,0,0,0,0,0,0,0,0,0
Ti13-11-3,0,0,0,0,0,0,0,0,2,4,0,0,0,0,0,0,70,85,12,14,10,12,0,0,0,0,0,0,0,0,0,0,0,0,0,0,0,0,0,0,0,0,0,0,0,0,0,0,0,0,0,0,0,0,0,0,0,0,0,0,0,0
Ti15-3-3-3,0,0,0,0,0,0,0,0,2.5,3.5,0,0,0,0,0,0,73.5,85,14,16,2,3.5,0,0,0,0,0,0,0,0,0,0,0,0,0,0,0,0,0,0,0,0,0,0,0,0,2.5,3.5,0,0,0,0,0,0,0,0,0,0,0,0,0,0
TI-BetaC,0,0,0,0,0,0,0,0,2.41,3.6,0,0,0,0,0,0,72.5,80,7.5,8.5,5.5,6.5,0,0,0,0.3,0,0,0,0,0,0,0,0,0,0,3.5,4.5,0,0,3.5,4.5,0,0,0,0,0,0,0,0,0,0,0,0,0,0,0,0,0,0,0,0
ECu,0,0,0,0,0,0,0,0,0,0,0,0,0,0,0,0,0,0,0,0,0,0,0,0,0,0.05,0,0.05,0,0,99,100,0,0,0,0,0,0,0,0,0,0,0,0,0,0,0,0,0,0,0,0,0,0,0,0,0,0,0,0,0,0
C172 BeCu,1.8,2,0,0,0,0,0,0,0,0,0,0,0,0,0,0,0,0,0,0,0,0,0,0.01,0,0.11,0.1,0.31,0,0,97.5,99.5,0,0,0,0,0,0,0,0,0,0,0,0,0,0,0,0,0,0,0,0,0,0,0,0,0,0,0,0,0,0
C194FeCu,0,0,0,0,0,0,0,0,0,0,0,0,0,0,0,0,0,0,0,0,0,0,0,0,2,3,0,0,0,1,97,98,0,0.21,0,0,0,0,0,0,0,0,0,0,0,0,0,0.61,0,0,0,0,0,0,0,0,0,0,0,0.03,0,0
C197HiCu,0,0,0,0,0,0,0,0,0,0,0,0,0,0,0,0,0,0,0,0,0,0,0,0,0.31,1.21,0,0.05,0,0,98,99.699997,0,0.21,0,0,0,0,0,0,0,0,0,0,0,0,0.11,0.31,0,0,0,0,0,0,0,0,0,0,0,0,0,0
C210Gildng,0,0,0,0,0,0,0,0,0,0,0,0,0,0,0,0,0,0,0,0,0,0,0,0,0,0,0,0,0,0,94,96,4,6,0,0,0,0,0,0,0,0,0,0,0,0,0,0,0,0,0,0,0,0,0,0,0,0,0,0,0,0
C220ComBz,0,0,0,0,0,0,0,0,0,0,0,0,0,0,0,0,0,0,0,0,0,0,0,0,0,0,0,0,0,0,88.5,91.5,8.5,11.5,0,0,0,0,0,0,0,0,0,0,0,0,0,0,0,0,0,0,0,0,0,0,0,0,0,0,0,0
C230RedBs,0,0,0,0,0,0,0,0,0,0,0,0,0,0,0,0,0,0,0,0,0,0,0,0,0,0,0,0,0,0,83.5,86.5,13.5,16.5,0,0,0,0,0,0,0,0,0,0,0,0,0,0,0,0,0,0,0,0,0,0,0,0,0,0,0,0
C240LoBs,0,0,0,0,0,0,0,0,0,0,0,0,0,0,0,0,0,0,0,0,0,0,0,0,0,0,0,0,0,0,78,82,18,22,0,0,0,0,0,0,0,0,0,0,0,0,0,0,0,0,0,0,0,0,0,0,0,0,0,0,0,0
C260CartBs,0,0,0,0,0,0,0,0,0,0,0,0,0,0,0,0,0,0,0,0,0,0,0,0,0,0,0,0,0,0,68,72,28,32,0,0,0,0,0,0,0,0,0,0,0,0,0,0,0,0,0,0,0,0,0,0,0,0,0,0.07,0,0
C270YelBs,0,0,0,0,0,0,0,0,0,0,0,0,0,0,0,0,0,0,0,0,0,0,0,0,0,0,0,0,0,0,63,69,31,37,0,0,0,0,0,0,0,0,0,0,0,0,0,0,0,0,0,0,0,0,0,0,0,0,0,0.3,0,0
C280Muntz,0,0,0,0,0,0,0,0,0,0,0,0,0,0,0,0,0,0,0,0,0,0,0,0,0,0.07,0,0,0,0,59,63,37,41,0,0,0,0,0,0,0,0,0,0,0,0,0,0.05,0,0,0,0,0,0,0,0,0,0,0,0.3,0,0
C310PbBs,0,0,0,0,0,0,0,0,0,0,0,0,0,0,0,0,0,0,0,0,0,0,0,0,0,0,0,0,0,0,88.5,91.5,8.5,11.5,0,0,0,0,0,0,0,0,0,0,0,0,0,0,0,0,0,0,0,0,0,0,0,0,0.3,0.7,0,0
C314PbComBz,0,0,0,0,0,0,0,0,0,0,0,0,0,0,0,0,0,0,0,0,0,0,0,0,0,0.11,0,0,0,0.7,87.5,90.5,6,10,0,0,0,0,0,0,0,0,0,0,0,0,0,0,0,0,0,0,0,0,0,0,0,0,1.3,2.5,0,0
C330PbBs,0,0,0,0,0,0,0,0,0,0,0,0,0,0,0,0,0,0,0,0,0,0,0,0,0,0,0,0,0,0,65,68,31,35,0,0,0,0,0,0,0,0,0,0,0,0,0,0,0,0,0,0,0,0,0,0,0,0,0.2,0.75,0,0
C332PbBs,0,0,0,0,0,0,0,0,0,0,0,0,0,0,0,0,0,0,0,0,0,0,0,0,0,0,0,0,0,0,65,68,29,34,0,0,0,0,0,0,0,0,0,0,0,0,0,0,0,0,0,0,0,0,0,0,0,0,1.5,2.5,0,0
C340PbBs,0,0,0,0,0,0,0,0,0,0,0,0,0,0,0,0,0,0,0,0,0,0,0,0,0,0,0,0,0,0,62,65,34,36.5,0,0,0,0,0,0,0,0,0,0,0,0,0,0,0,0,0,0,0,0,0,0,0,0,0.81,1.5,0,0
C342PbBs,0,0,0,0,0,0,0,0,0,0,0,0,0,0,0,0,0,0,0,0,0,0,0,0,0,0.16,0,0,0,0,62,65,32.5,36,0,0,0,0,0,0,0,0,0,0,0,0,0,0,0,0,0,0,0,0,0,0,0,0,1.5,2.5,0,0
360FrCutBs,0,0,0,0,0,0,0,0,0,0,0,0,0,0,0,0,0,0,0,0,0,0,0,0,0,0.35,0,0,0,0,60,63,34,36,0,0,0,0,0,0,0,0,0,0,0,0,0,0,0,0,0,0,0,0,0,0,0,0,2.5,3.7,0,0
C377ForgBs,0,0,0,0,0,0,0,0,0,0,0,0,0,0,0,0,0,0,0,0,0,0,0,0,0,0.31,0,0,0,0,58,61,37,40,0,0,0,0,0,0,0,0,0,0,0,0,0,0.05,0,0,0,0,0,0,0,0,0,0,1.5,2.5,0,0
C425SnBs,0,0,0,0,0,0,0,0,0,0,0,0,0,0,0,0,0,0,0,0,0,0,0,0,0,0.06,0,0,0,0,87,90,6.6,11.5,0,0,0,0,0,0,0,0,0,0,0,0,1.5,3,0,0,0,0,0,0,0,0,0,0,0,0.06,0,0
C443AdmBs,0,0,0,0,0,0,0,0,0,0,0,0,0,0,0,0,0,0,0,0,0,0,0,0,0,0,0,0,0,0,69,74,25,30.5,0,0,0,0,0,0,0,0,0,0,0,0,0.7,1.3,0,0,0,0,0,0,0,0,0,0,0,0.07,0,0
C464NavBs,0,0,0,0,0,0,0,0,0,0,0,0,0,0,0,0,0,0,0,0,0,0,0,0,0,0.1,0,0,0,0,59,62,37,40.5,0,0,0,0,0,0,0,0,0,0,0,0,0.45,1,0,0,0,0,0,0,0,0,0,0,0,0.2,0,0
C482NavBs,0,0,0,0,0,0,0,0,0,0,0,0,0,0,0,0,0,0,0,0,0,0,0,0,0,0.1,0,0,0,0,59,62,36,40,0,0,0,0,0,0,0,0,0,0,0,0,0.5,1,0,0,0,0,0,0,0,0,0,0,0.4,1,0,0
C485NavBs,0,0,0,0,0,0,0,0,0,0,0,0,0,0,0,0,0,0,0,0,0,0,0,0,0,0.1,0,0,0,0,59,62,36,39,0,0,0,0,0,0,0,0,0,0,0,0,0.5,1,0,0,0,0,0,0,0,0,0,0,1.3,2.21,0,0
C510PBzA,0,0,0,0,0,0,0,0,0,0,0,0,0.03,0.35,0,0,0,0,0,0,0,0,0,0,0,0,0,0,0,0,93,96,0,0.3,0,0,0,0,0,0,0,0,0,0,0,0,4,6,0,0,0,0,0,0,0,0,0,0,0,0,0,0
C534PbxB1,0,0,0,0,0,0,0,0,0,0,0,0,0,0,0,0,0,0,0,0,0,0,0,0,0,0,0,0,0,0,92.5,95.5,0,0.3,0,0,0,0,0,0,0,0,0,0,0,0,3.5,5.81,0,0,0,0,0,0,0,0,0,0,0.8,1.2,0,0
C524PBz,0,0,0,0,0,0,0,0,0,0,0,0,0,0,0,0,0,0,0,0,0,0,0,0,0,0.11,0,0,0,0,88.5,92,0,0.21,0,0,0,0,0,0,0,0,0,0,0,0,9,11,0,0,0,0,0,0,0,0,0,0,0,0.06,0,0
C544PBzB2,0,0,0,0,0,0,0,0,0,0,0,0,0.06,0.5,0,0,0,0,0,0,0,0,0,0,0,0,0,0,0,0,86,91,1.5,4.5,0,0,0,0,0,0,0,0,0,0,0,0,3.5,4.5,0,0,0,0,0,0,0,0,0,0,3.5,4.5,0,0
C623/954AlBz,0,0,0,0,0,0,0,0,8.5,11,0,0.25,0,0,0,0,0,0,0,0,0,0,0,0.5,2,5,0,0,0,1.5,83,90,0,0.05,0,0,0,0,0,0,0,0,0,0,0,0,0,0.6,0,0,0,0,0,0,0,0,0,0,0,0.03,0,0
C630/955AlBz,0,0,0,0,0,0,0,0,9,11.5,0,0,0,0,0,0,0,0,0,0,0,0,0,3.5,2,5,0,0,3,5.5,77.5,83,0,0.3,0,0,0,0,0,0,0,0,0,0,0,0,0,0.21,0,0,0,0,0,0,0,0,0,0,0,0,0,0
C642AlBz,0,0,0,0,0,0,0,0,6,7.81,1.3,2.41,0,0,0,0,0,0,0,0,0,0,0,0,0,0.3,0,0.05,0,0,89,93,0,0,0,0,0,0,0,0,0,0,0,0,0,0,0,0,0,0,0,0,0,0,0,0,0,0,0,0,0,0
C655SiBzA,0,0,0,0,0,0,0,0,0,0,2.6,4,0,0,0,0,0,0,0,0,0,0,0.5,1.3,0,0.8,0,0,0,0.6,92,98.5,0,1.5,0,0,0,0,0,0,0,0,0,0,0,0,0,0,0,0,0,0,0,0,0,0,0,0,0,0.05,0,0
C667MnBs,0,0,0,0,0,0,0,0,0,0,0,0,0,0,0,0,0,0,0,0,0,0,0.8,1.5,0,0,0,0,0,0,68.5,71.5,27,30.5,0,0,0,0,0,0,0,0,0,0,0,0,0,0,0,0,0,0,0,0,0,0,0,0,0,0,0,0
C675MnBzA,0,0,0,0,0,0,0,0,0,0,0,0,0,0,0,0,0,0,0,0,0,0,0,0.5,0.8,2,0,0,0,0,57,60,36,42,0,0,0,0,0,0,0,0,0,0,0,0,0.5,1.5,0,0,0,0,0,0,0,0,0,0,0,0.2,0,0
C687AlBs ,0,0,0,0,0,0,0,0,1.5,2.8,0,0,0,0,0,0,0,0,0,0,0,0,0,0,0,0,0,0,0,0,76,79,18.5,24,0,0,0,0,0,0,0,0,0,0,0,0,0,0,0,0,0,0,0,0,0,0,0,0,0,0,0,0
C706(90-10),0,0,0,0,0,0,0,0,0,0,0,0,0,0,0,0,0,0,0,0,0,0,0,1,1,1.8,0,0,8,12,85,91,0,1,0,0,0,0,0,0,0,0,0,0,0,0,0,0,0,0,0,0,0,0,0,0,0,0,0,0,0,0
C710(80-20),0,0,0,0,0,0,0,0,0,0,0,0,0,0,0,0,0,0,0,0,0,0,0,1,0,1,0,0,17,23,75,83,0,1,0,0,0,0,0,0,0,0,0,0,0,0,0,0,0,0,0,0,0,0,0,0,0,0,0,0,0,0
C715(70-30),0,0,0,0,0,0,0,0,0,0,0,0,0,0,0,0,0,0,0,0,0,0,0,1,0.4,1,0,0,27,33,64,73,0,1,0,0,0,0,0,0,0,0,0,0,0,0,0,0,0,0,0,0,0,0,0,0,0,0,0,0,0,0
C745NiAg,0,0,0,0,0,0,0,0,0,0,0,0,0,0,0,0,0,0,0,0,0,0,0,0,0,0,0,0,8,12,63,67,21,28.5,0,0,0,0,0,0,0,0,0,0,0,0,0,0,0,0,0,0,0,0,0,0,0,0,0,0,0,0
C752NiAg,0,0,0,0,0,0,0,0,0,0,0,0,0,0,0,0,0,0,0,0,0,0,0,0.5,0,0.25,0,0,16,20,63,67,13.5,21,0,0,0,0,0,0,0,0,0,0,0,0,0,0,0,0,0,0,0,0,0,0,0,0,0,0,0,0
C814Hi Cu,0,0,0,0,0,0,0,0,0,0,0,0,0,0,0,0,0,0,0,0,0.61,1,0,0,0,0,0,0.05,0,0,90,100,0,0,0,0,0,0,0,0,0,0,0,0,0,0,0,0,0,0,0,0,0,0,0,0,0,0,0,0,0,0
836(85-555),0,0,0,0,0,0,0,0,0,0,0,0,0,0,0,0,0,0,0,0,0,0,0,0,0,0,0,0,0,1,84,86,4,6,0,0,0,0,0,0,0,0,0,0,0,0,4,6,0,0,0,0,0,0,0,0,0,0,4,6,0,0
C844RdBs,0,0,0,0,0,0,0,0,0,0,0,0,0,0,0,0,0,0,0,0,0,0,0,0,0,0.4,0,0,0,1,78,82,7,10,0,0,0,0,0,0,0,0,0,0,0,0,2.5,3.5,0,0.25,0,0,0,0,0,0,0,0,6,8,0,0
C857YelBs,0,0,0,0,0,0,0,0,0,1,0,0,0,0,0,0,0,0,0,0,0,0,0,0,0,0.7,0,0,0,1,58,64,32,40,0,0,0,0,0,0,0,0,0,0,0,0,0.5,1.5,0,0,0,0,0,0,0,0,0,0,0.8,1.5,0,0
C861MnBz,0,0,0,0,0,0,0,0,2.75,4.5,0,0,0,0,0,0,0,0,0,0,0,0,2.5,5,2,4,0,0,0,1,66,69,15.5,29,0,0,0,0,0,0,0,0,0,0,0,0,0,0.2,0,0,0,0,0,0,0,0,0,0,0,0.2,0,0
C862MnBz,0,0,0,0,0,0,0,0,2.75,5,0,0,0,0,0,0,0,0,0,0,0,0,2.5,5,2,4,0,0,0,1,60,71,22,28,0,0,0,0,0,0,0,0,0,0,0,0,0,0,0,0,0,0,0,0,0,0,0,0,0,0,0,0
C863MnBz,0,0,0,0,0,0,0,0,4.75,7.75,0,0,0,0,0,0,0,0,0,0,0,0,2.5,5,2,4,0,0,0,1,60,73,22,28,0,0,0,0,0,0,0,0,0,0,0,0,0,0,0,0,0,0,0,0,0,0,0,0,0,0,0,0
C864MnBz ,0,0,0,0,0,0,0,0,0,1.75,0,0,0,0,0,0,0,0,0,0,0,0,0.1,1,0.4,2,0,0,0,1,56,62,34,42,0,0,0,0,0,0,0,0,0,0,0,0,0.5,1.5,0,0,0,0,0,0,0,0,0,0,0.5,1.5,0,0
C867MnBz,0,0,0,0,0,0,0,0,0.75,3.25,0,0,0,0,0,0,0,0,0,0,0,0,1,3.5,1,3,0,0,0,1,53,62,30,39,0,0,0,0,0,0,0,0,0,0,0,0,0,0,0,0,0,0,0,0,0,0,0,0,0.5,1.5,0,0
C868MnBz ,0,0,0,0,0,0,0,0,0,2.25,0,0,0,0,0,0,0,0,0,0,0,0,2.5,4,1,2.5,0,0,2.5,4,53.5,58,29.5,40.5,0,0,0,0,0,0,0,0,0,0,0,0,0,1,0,0,0,0,0,0,0,0,0,0,0,0,0,0
C875SiBs,0,0,0,0,0,0,0,0,0,0.5,3,5,0,0,0,0,0,0,0,0,0,0,0,0,0,0,0,0,0,0,79.5,84,12,16,0,0,0,0,0,0,0,0,0,0,0,0,0,0,0,0,0,0,0,0,0,0,0,0,0,0.5,0,0
C893SnBiBz,0,0,0,0,0,0,0,0,0,0,0,0,0,0,0,0,0,0,0,0,0,0,0,0,0,0.2,0,0,0,1,87,91,0,1,0,0,0,0,0,0,0,0,0,0,0,0,5,7,0,0,0,0,0,0,0,0,0,0,0,0,4,6
C903SnBz,0,0,0,0,0,0,0,0,0,0,0,0,0,0,0,0,0,0,0,0,0,0,0,0,0,0.2,0,0,0,1,85.5,89.5,3,5,0,0,0,0,0,0,0,0,0,0,0,0,7.5,9,0,0,0,0,0,0,0,0,0,0,0,0.3,0,0
C89835,0,0,0,0,0,0,0,0,0,0,0,0,0,0,0,0,0,0,0,0,0,0,0,0,0,0.2,0,0,0,1,85,89,2,4,0,0,0,0,0,0,0,0,0,0,0,0,6,7.5,0,0.35,0,0,0,0,0,0,0,0,0,0.1,1.7,2.7
C922PbSnBz,0,0,0,0,0,0,0,0,0,0,0,0,0,0,0,0,0,0,0,0,0,0,0,0,0,0.25,0,0,0,1,86,90,3,5,0,0,0,0,0,0,0,0,0,0,0,0,5.5,6.5,0,0.25,0,0,0,0,0,0,0,0,1,2,0,0
C932SnBz,0,0,0,0,0,0,0,0,0,0,0,0,0,0,0,0,0,0,0,0,0,0,0,0,0,0.2,0,0,0,1,81,85,1,4,0,0,0,0,0,0,0,0,0,0,0,0,6.31,7.5,0,0.35,0,0,0,0,0,0,0,0,6,8,0,0
C937PbSnBz,0,0,0,0,0,0,0,0,0,0,0,0,0,0,0,0,0,0,0,0,0,0,0,0,0,0.7,0,0,0,0.5,77.5,82.5,0,0.8,0,0,0,0,0,0,0,0,0,0,0,0,9,11,0,0.5,0,0,0,0,0,0,0,0,8,11,0,0
C964CuNi,0,0,0,0,0,0,0,0,0,0,0,0.5,0,0,0,0,0,0,0,0,0,0,0,1.5,0.25,1.5,0,0,28,32,64,73,0,1,0,0,0,0,0.5,1.5,0,0,0,0,0,0,0,0,0,0,0,0,0,0,0,0,0,0,0,0,0,0
NarloyZ,0,0,0,0,0,0,0,0,0,0,0,0,0,0,0,0,0,0,0,0,0,0,0,0,0,0,0,0,0,0,95,98,0,0,0,0,0.3,0.5,0,0,0,0,0,0,2,3,0,0,0,0,0,0,0,0,0,0,0,0,0,0,0,0
AA 319 ,0,0,0,0,0,0,0,0,83,90,5.3,7,0,0,0,0,0,0,0,0,0,0,0,0.5,0,0.9,0,0,0,0.35,3,4,0,1,0,0,0,0,0,0,0,0,0,0,0,0,0,0,0,0,0,0,0,0,0,0,0,0,0,0,0,0
AA 355,0,0,0,0,0,0,0.45,0.6,88,95,4.5,5.5,0,0,0,0,0,0,0,0,0,0,0,0.1,0,0.4,0,0,0,0,1,1.5,0,0.25,0,0,0,0,0,0,0,0,0,0,0,0,0,0,0,0,0,0,0,0,0,0,0,0,0,0,0,0
AA 356 ,0,0,0,0,0,0,0.2,0.5,89,94,6.2,7.81,0,0,0,0,0,0.2,0,0,0,0,0,0.05,0,0.25,0,0,0,0,0,0.1,0,0.05,0,0,0,0,0,0,0,0,0,0,0,0,0,0,0,0,0,0,0,0,0,0,0,0,0,0,0,0
AA 380,0,0,0,0,0,0,0,0,81.5,89,7.31,9.7,0,0,0,0,0,0.1,0,0,0,0.2,0,0.5,0,1,0,0,0,0.5,3,4,0,3,0,0,0,0,0,0,0,0,0,0,0,0,0,0.35,0,0,0,0,0,0,0,0,0,0,0,0.3,0,0
384/80/19,0,0,0,0,0,0,0,0.1,78,92,5,12,0,0,0,0,0,0,0,0,0,0,0,0.5,0,1,0,0,0,0.5,3,4.5,0,2.9,0,0,0,0,0,0,0,0,0,0,0,0,0,0.35,0,0,0,0,0,0,0,0,0,0,0,0,0,0
AA 383,0,0,0,0,0,0,0,0.1,78,85,9.5,11.5,0,0,0,0,0,0,0,0,0,0,0,0.5,0,1.3,0,0,0,0.3,2,3,0,3,0,0,0,0,0,0,0,0,0,0,0,0,0,0,0,0,0,0,0,0,0,0,0,0,0,0,0,0
AA 384,0,0,0,0,0,0,0,0,79,86,10.5,12,0,0,0,0,0,0,0,0,0,0,0,0.5,0,1.3,0,0,0,0.5,3,4.5,0,2.9,0,0,0,0,0,0,0,0,0,0,0,0,0,0,0,0,0,0,0,0,0,0,0,0,0,0,0,0
AA 413,0,0,0,0,0,0,0,0.1,85,90,11,13,0,0,0,0,0,0,0,0,0,0,0,0.35,0,2,0,0,0,0.5,0,1,0,0.5,0,0,0,0,0,0,0,0,0,0,0,0,0,0,0,0,0,0,0,0,0,0,0,0,0,0,0,0
AA 850,0,0,0,0,0,0,0,0.1,87,93,0,0.7,0,0,0,0,0,0,0,0,0,0,0,0.1,0,0.7,0,0,0.7,1.3,0.7,1.3,0,0,0,0,0,0,0,0,0,0,0,0,0,0,5.5,7,0,0,0,0,0,0,0,0,0,0,0,0,0,0
AA 1000,0,0,0,0,0,0,0,0,99.800003,100,0,0,0,0,0,0,0,0,0,0,0,0,0,0,0,0.05,0,0,0,0,0,0.05,0,0,0,0,0,0,0,0,0,0,0,0,0,0,0,0,0,0,0,0,0,0,0,0,0,0,0,0,0,0
AA 1100,0,0,0,0,0,0,0,0,99,100,0.1,0.75,0,0,0,0,0,0,0,0,0,0.06,0,0.06,0,0.75,0,0,0,0,0.06,0.21,0,0.11,0,0,0,0,0,0,0,0,0,0,0,0,0,0,0,0,0,0,0,0,0,0,0,0,0,0,0,0
AA 2007,0,0,0,0,0,0,0.4,1.8,89,94,0,0.8,0,0,0,0,0,0.2,0,0,0,0.11,0.5,1,0,0.8,0,0,0,0.2,3.3,4.6,0,0.8,0,0,0,0,0,0,0,0,0,0,0,0,0,0.2,0,0,0,0,0,0,0,0,0,0,0.8,1.5,0,0.2
AA 2011,0,0,0,0,0,0,0,0,91,94.5,0,0.4,0,0,0,0,0,0,0,0,0,0,0,0,0,0.7,0,0,0,0,5,6,0,0.31,0,0,0,0,0,0,0,0,0,0,0,0,0,0,0,0,0,0,0,0,0,0,0,0,0.21,0.61,0.21,0.61
AA 2014/17,0,0,0,0,0,0,0,0.8,91.410004,95.199997,0.4,1.21,0,0,0,0,0,0.16,0,0,0,0.11,0.41,1.21,0,0.7,0,0,0,0,3.91,5,0,0.25,0,0,0,0,0,0,0,0,0,0,0,0,0,0,0,0,0,0,0,0,0,0,0,0,0,0,0,0
AA 2018,0,0,0,0,0,0,0.45,0.9,90.400002,95.300003,0,0.9,0,0,0,0,0,0,0,0,0,0.11,0,0.21,0,1,0,0,1.7,2.3,3.5,4.5,0,0.25,0,0,0,0,0,0,0,0,0,0,0,0,0,0,0,0,0,0,0,0,0,0,0,0,0,0,0,0
AA 2024,0,0,0,0,0,0,1,2,91.199997,95,0,0.5,0,0,0,0,0,0.16,0,0,0,0.11,0.31,0.9,0,0.5,0,0,0,0,3.8,4.91,0,0.25,0,0,0,0,0,0,0,0,0,0,0,0,0,0,0,0,0,0,0,0,0,0,0,0,0,0,0,0
2024/14,0,0,0,0,0,0,0,0,92.849998,95.900002,0,0.3,0,0,0,0,0,0.15,0,0.05,0,0.12,0.3,0.9,0,0.5,0,0,0,0,3.6,4.91,0,0.25,0,0,0,0.05,0,0,0,0,0,0,0,0,0,0,0,0,0,0,0,0,0,0,0,0,0,0.05,0,0.01
AA 2095 ,0,0,0,0,0,0,0.25,0.8,94.5,96,0,0.12,0,0,0,0,0,0.15,0,0,0,0.1,0,0.25,0,0.15,0,0,0,0,3.9,4.6,0,0.25,0,0,0,0.18,0,0,0,0,0,0,0,0,0,0,0,0,0,0,0,0,0,0,0,0,0,0,0,0
AA 2117,0,0,0,0,0,0,0.2,0.5,93,99,0,0.8,0,0,0,0,0,0,0,0,0,0.1,0,0.2,0,0.7,0,0,0,0,2.2,3,0,0.25,0,0,0,0,0,0,0,0,0,0,0,0,0,0,0,0,0,0,0,0,0,0,0,0,0,0,0,0
AA 2219,0,0,0,0,0,0,0,0,91.5,93.75,0,0,0,0,0,0,0,0,0,0,0,0,0.1,0.5,0,0.3,0,0,0,0,5.8,6.8,0,0.3,0,0,0.1,0.25,0,0,0,0,0,0,0,0,0,0,0,0,0,0,0,0,0,0,0,0,0,0,0,0
AA 2519 ,0,0,0,0,0,0,0,0,91.800003,94,0,0.25,0,0,0,0,0,0.1,0,0.15,0,0,0.1,0.5,0,0.3,0,0,0,0,5.3,6.4,0,0.1,0,0,0.1,0.25,0,0,0,0,0,0,0,0,0,0,0,0,0,0,0,0,0,0,0,0,0,0,0,0
AA 2618 ,0,0,0,0,0,0,1.3,1.8,94,99,0.1,0.25,0,0,0,0,0,0,0,0,0,0,0,0,0.9,1.3,0,0,0.8,1.4,1.9,2.7,0,0.15,0,0,0,0,0,0,0,0,0,0,0,0,0,0,0,0,0,0,0,0,0,0,0,0,0,0,0,0
AA 3002,0,0,0,0,0,0,0.05,0.2,98,100,0,0.08,0,0,0,0,0,0,0,0,0,0,0.05,0.25,0,0.1,0,0,0,0,0,0.15,0,0.1,0,0,0,0,0,0,0,0,0,0,0,0,0,0,0,0,0,0,0,0,0,0,0,0,0,0,0,0
AA 3003,0,0,0,0,0,0,0,0.1,97.5,99,0,0.6,0,0,0,0,0,0,0,0,0,0.2,1,1.5,0,0.7,0,0,0,0,0.05,0.2,0,0.1,0,0,0,0,0,0,0,0,0,0,0,0,0,0,0,0,0,0,0,0,0,0,0,0,0,0,0,0
AA 3004,0,0,0,0,0,0,0.8,1.3,96,98.699997,0,0.3,0,0,0,0,0,0,0,0,0,0.2,0.8,1.5,0,0.7,0,0,0,0,0,0.25,0,0.25,0,0,0,0,0,0,0,0,0,0,0,0,0,0,0,0,0,0,0,0,0,0,0,0,0,0,0,0
AA 3005,0,0,0,0,0,0,0.2,0.6,95,99,0,0.6,0,0,0,0,0,0,0,0,0,0.1,1,1.5,0,0.7,0,0,0,0,0,0.3,0,0.25,0,0,0,0,0,0,0,0,0,0,0,0,0,0,0,0,0,0,0,0,0,0,0,0,0,0,0,0
AA 3105,0,0,0,0,0,0,0.2,0.8,95,99,0,0.6,0,0,0,0,0,0,0,0,0,0.2,0.3,0.8,0,0.7,0,0,0,0,0,0.3,0,0.4,0,0,0,0,0,0,0,0,0,0,0,0,0,0,0,0,0,0,0,0,0,0,0,0,0,0,0,0
4032,0,0,0,0,0,0,0.8,1.3,96,99,11,13.5,0,0,0,0,0,0,0,0,0,0.1,0,0,0,1,0,0,0.5,1.3,0.5,1.3,0,0.25,0,0,0,0,0,0,0,0,0,0,0,0,0,0,0,0,0,0,0,0,0,0,0,0,0,0,0,0
AA 4032,0,0,0,0,0,0,0.8,1.3,82.25,87.199997,11,13.5,0,0,0,0,0,0,0,0,0,0.1,0,0,0,1,0,0,0.5,1.3,0.5,1.3,0,0.25,0,0,0,0,0,0,0,0,0,0,0,0,0,0,0,0,0,0,0,0,0,0,0,0,0,0,0,0
AA 5005,0,0,0,0,0,0,0.5,1.1,95,99,0,0.3,0,0,0,0,0,0,0,0,0,0.1,0,0.2,0,0.7,0,0,0,0,0,0.2,0,0.25,0,0,0,0,0,0,0,0,0,0,0,0,0,0,0,0,0,0,0,0,0,0,0,0,0,0,0,0
AA 5042,0,0,0,0,0,0,3,4,93,98,0,0.2,0,0,0,0,0,0,0,0,0,0.1,0.2,0.5,0,0.35,0,0,0,0,0,0.15,0,0.25,0,0,0,0,0,0,0,0,0,0,0,0,0,0,0,0,0,0,0,0,0,0,0,0,0,0,0,0
AA 5052,0,0,0,0,0,0,2.2,2.8,95,98,0,0.2,0,0,0,0,0,0,0,0,0.1,0.35,0,0.1,0,0.4,0,0,0,0,0,0.1,0,0.1,0,0,0,0,0,0,0,0,0,0,0,0,0,0,0,0,0,0,0,0,0,0,0,0,0,0,0,0
5052/56,0,0,0,0,0,0,0,0.22,98.5,100,0,0,0,0,0,0,0,0,0,0,0.05,0.35,0,0.1,0.05,0.4,0,0,0,0.06,0,0.1,0,0.1,0,0,0,0,0,0,0,0,0,0,0,0,0,0,0,0,0,0,0,0,0,0,0,0,0,0,0,0
AA 5056/82,0,0,0,0,0,0,4.5,5.6,92,96,0,0.3,0,0,0,0,0,0,0,0,0.05,0.3,0.05,0.2,0,0.4,0,0,0,0,0,0.1,0,0.1,0,0,0,0,0,0,0,0,0,0,0,0,0,0,0,0,0,0,0,0,0,0,0,0,0,0,0,0
5083,0,0,0,0,0,0,4.25,4.9,95,99.849998,0,0.4,0,0,0,0,0,0.15,0,0,0.05,0.25,0.4,1,0,0.4,0,0,0,0,0,0.1,0,0.25,0,0,0,0,0,0,0,0,0,0,0,0,0,0,0,0,0,0,0,0,0,0,0,0,0,0,0,0
AA 5083,0,0,0,0,0,0,4.25,4.9,92,95.5,0,0.4,0,0,0,0,0,0.15,0,0,0.05,0.25,0.4,1,0,0.4,0,0,0,0,0,0.1,0,0.25,0,0,0,0,0,0,0,0,0,0,0,0,0,0,0,0,0,0,0,0,0,0,0,0,0,0,0,0
5086,0,0,0,0,0,0,3,4.25,95,99.5,0,0.4,0,0,0,0,0,0.15,0,0,0.05,0.25,0.4,1,0,0.4,0,0,0,0,0,0.1,0,0.25,0,0,0,0,0,0,0,0,0,0,0,0,0,0,0,0,0,0,0,0,0,0,0,0,0,0,0,0
AA 5086,0,0,0,0,0,0,3,4.25,93,96.5,0,0.4,0,0,0,0,0,0.15,0,0,0.05,0.25,0.2,0.7,0,0.4,0,0,0,0,0,0.1,0,0.25,0,0,0,0,0,0,0,0,0,0,0,0,0,0,0,0,0,0,0,0,0,0,0,0,0,0,0,0
AA 5154,0,0,0,0,0,0,3.1,3.9,93,98,0,0.25,0,0,0,0,0,0,0,0,0.15,0.35,0,0.1,0,0.4,0,0,0,0,0,0.1,0,0.2,0,0,0,0,0,0,0,0,0,0,0,0,0,0,0,0,0,0,0,0,0,0,0,0,0,0,0,0
AA 5454,0,0,0,0,0,0,2.4,3,94,97,0,0.25,0,0,0,0,0,0,0,0,0,0.2,0.5,1,0,0.4,0,0,0,0,0,0.1,0,0.25,0,0,0,0,0,0,0,0,0,0,0,0,0,0,0,0,0,0,0,0,0,0,0,0,0,0,0,0
AA 5657,0,0,0,0,0,0,0.6,1,96,99.199997,0,0.08,0,0,0,0,0,0,0,0,0,0,0,0.03,0,0.1,0,0,0,0,0,0.1,0,0.1,0,0,0,0,0,0,0,0,0,0,0,0,0,0,0,0,0,0,0,0,0,0,0,0,0,0,0,0
AA 6005/A,0,0,0,0,0,0,0.4,0.7,96,99.5,0.5,0.9,0,0,0,0,0,0.1,0,0,0,0.3,0,0.5,0,0.35,0,0,0,0,0,0.3,0,0.2,0,0,0,0,0,0,0,0,0,0,0,0,0,0,0,0,0,0,0,0,0,0,0,0,0,0,0,0
6063/6005,0,0,0,0,0,0,0.4,0.9,96,99.5,0.4,0.7,0,0,0,0,0,0.1,0,0,0,0.3,0,0.6,0,0.4,0,0,0,0,0,0.3,0,0.2,0,0,0,0,0,0,0,0,0,0,0,0,0,0,0,0,0,0,0,0,0,0,0,0,0,0,0,0
AA 6061,0,0,0,0,0,0,0,1.5,96,99,0,1,0,0,0,0,0,0.16,0,0,0.04,0.35,0,0.16,0,0.7,0,0,0,0,0.16,0.41,0,0.25,0,0,0,0,0,0,0,0,0,0,0,0,0,0,0,0,0,0,0,0,0,0,0,0,0,0,0,0
AA 6063,0,0,0,0,0,0,0.45,0.9,96,99.5,0.2,0.6,0,0,0,0,0,0.11,0,0,0,0.11,0,0.11,0,0.35,0,0,0,0,0,0.11,0,0.11,0,0,0,0,0,0,0,0,0,0,0,0,0,0,0,0,0,0,0,0,0,0,0,0,0,0,0,0
AA 6070,0,0,0,0,0,0,0.5,1.2,95,98,1,1.7,0,0,0,0,0,0.16,0,0,0,0.1,0.4,1,0,0.5,0,0,0,0,0.16,0.41,0,0.25,0,0,0,0,0,0,0,0,0,0,0,0,0,0,0,0,0,0,0,0,0,0,0,0,0,0,0,0
AA 6082,0,0,0,0,0,0,0.6,1.2,95.349998,98.5,0.7,1.3,0,0,0,0,0,0,0,0,0,0.25,0.4,1,0,0.5,0,0,0,0,0,0.1,0,0.2,0,0,0,0,0,0,0,0,0,0,0,0,0,0,0,0,0,0,0,0,0,0,0,0,0,0,0,0
AA 6151,0,0,0,0,0,0,0.45,0.8,97.5,99,0.6,1.2,0,0,0,0,0,0.16,0,0,0.15,0.35,0,0.2,0,1,0,0,0,0,0,0.35,0,0.25,0,0,0,0,0,0,0,0,0,0,0,0,0,0,0,0,0,0,0,0,0,0,0,0,0,0,0,0
AA 6253 ,0,0,0,0,0,0,1,1.5,94,98,0,0.75,0,0,0,0,0,0.15,0,0,0.04,0.35,0,0,0,0.5,0,0,0,0,0,0.1,1.6,2.4,0,0,0,0,0,0,0,0,0,0,0,0,0,0,0,0,0,0,0,0,0,0,0,0,0,0,0,0
AA 6262,0,0,0,0,0,0,0.8,1.2,93,99,0.4,0.8,0,0,0,0,0,0,0,0,0.04,0.14,0,0.15,0,0.7,0,0,0,0,0.15,0.4,0,0.25,0,0,0,0,0,0,0,0,0,0,0,0,0,0,0,0,0,0,0,0,0,0,0,0,0.4,0.7,0.4,0.7
AA 7005,0,0,0,0,0,0,1,1.8,91,95,0,0.35,0,0,0,0,0,0,0,0,0.06,0.2,0.2,0.7,0,0.4,0,0,0,0,0,0.1,4,5,0,0,0.08,0.2,0,0,0,0,0,0,0,0,0,0,0,0,0,0,0,0,0,0,0,0,0,0,0,0
AA 7019,0,0,0,0,0,0,1.5,2.5,91,95,0,0.35,0,0,0,0,0,0.15,0,0,0,0.2,0.15,0.5,0,0.18,0,0,0,0.1,0,0.2,3.5,4.5,0,0,0.1,0.25,0,0,0,0,0,0,0,0,0,0,0,0,0,0,0,0,0,0,0,0,0,0,0,0
AA 7031,0,0,0,0,0,0,0,0.1,95,99,0,0.3,0,0,0,0,0,0,0,0,0,0,0.1,0.4,0.8,1.4,0,0,0,0,0,0.1,0.8,1.8,0,0,0,0,0,0,0,0,0,0,0,0,0,0,0,0,0,0,0,0,0,0,0,0,0,0,0,0
AA 7039,0,0,0,0,0,0,2.3,3.3,90,94,0,0.3,0,0,0,0,0,0,0,0,0.15,0.25,0.1,0.4,0,0.4,0,0,0,0,0,0.1,3.5,4.5,0,0,0,0,0,0,0,0,0,0,0,0,0,0,0,0,0,0,0,0,0,0,0,0,0,0,0,0
7049/149,0,0,0,0,0,0,0,0,87,92.900002,0,0,0,0,0,0,0,0,0,0,0.1,0.22,0,0.2,0,0.35,0,0,0,0,1.2,1.9,7.2,8.2,0,0,0,0,0,0,0,0,0,0,0,0,0,0,0,0,0,0,0,0,0,0,0,0,0,0,0,0
AA7049/149 ,0,0,0,0,0,0,2,2.9,85,90,0,0.25,0,0,0,0,0,0,0,0,0.1,0.22,0,0.2,0,0.35,0,0,0,0,1.2,1.9,7.2,8.2,0,0,0,0,0,0,0,0,0,0,0,0,0,0,0,0,0,0,0,0,0,0,0,0,0,0,0,0
AA 7050,0,0,0,0,0,0,1.5,3,87.5,92,0,0,0,0,0,0,0,0,0,0,0,0.1,0,0.1,0,0.15,0,0,0,0,2,2.6,5.7,6.7,0,0,0.08,0.15,0,0,0,0,0,0,0,0,0,0,0,0,0,0,0,0,0,0,0,0,0,0,0,0
AA 7072,0,0,0,0,0,0,0,0.1,96,99.5,0,0.7,0,0,0,0,0,0,0,0,0,0,0,0.1,0,0.7,0,0,0,0,0,0.1,0.8,1.3,0,0,0,0,0,0,0,0,0,0,0,0,0,0,0,0,0,0,0,0,0,0,0,0,0,0,0,0
AA 7075,0,0,0,0,0,0,1.5,3.21,88,93.5,0,0,0,0,0,0,0,0.2,0,0,0.18,0.28,0,0.3,0,0.5,0,0,0,0,1.2,2,5.1,6.1,0,0,0,0,0,0,0,0,0,0,0,0,0,0,0,0,0,0,0,0,0,0,0,0,0,0,0,0
AA 7076,0,0,0,0,0,0,1.2,2,87,92,0,0.4,0,0,0,0,0,0,0,0,0,0,0.3,0.8,0,0.6,0,0,0,0,0.3,1,7,8,0,0,0,0,0,0,0,0,0,0,0,0,0,0,0,0,0,0,0,0,0,0,0,0,0,0,0,0
AA 7104,0,0,0,0,0,0,0.5,0.9,94,96,0,0.25,0,0,0,0,0,0.1,0,0,0,0.2,0,0,0,0.4,0,0,0,0,0,0.03,3.6,4.4,0,0,0,0,0,0,0,0,0,0,0,0,0,0,0,0,0,0,0,0,0,0,0,0,0,0,0,0
AA 7249  ,0,0,0,0,0,0,2.2,2.4,87,93.400002,0,0.09,0,0,0,0,0,0,0,0,0.15,0.17,0,0,0,0.09,0,0,0,0,1.3,1.7,7.65,10,0,0,0,0.05,0,0,0,0,0,0,0,0,0,0,0,0,0,0,0,0,0,0,0,0,0,0,0,0
Cb CP (Nb),0,0,0,0,0,0,0,0,0,0,0,0,0,0,0,0,0,0,0,0,0,0,0,0,0,0,0,0,0,0,0,0,0,0,0,0,0,0,97,100,0,0,0,0,0,0,0,0,0,0,0,0,0,0,0,0,0,0,0,0,0,0
Cb 103,0,0,0,0,0,0,0,0,0,0,0,0,0,0,0,0,0.5,2,0,0,0,0,0,0,0,0,0,0,0,0,0,0,0,0,0,0,0,0.7,85,92,0,0,0,0,0,0,0,0,0,0,8,12,0,0,0,0,0,0,0,0,0,0
CP Zr,0,0,0,0,0,0,0,0,0,0,0,0,0,0,0,0,0,0,0,0,0,0,0,0,0,0,0,0,0,0,0,0,0,0,0,0,99.5,100,0,0,0,0,0,0,0,0,0,0,0,0,0,0.5,0,0,0,0,0,0,0,0,0,0
Zr-2/4,0,0,0,0,0,0,0,0,0,0,0,0,0,0,0,0,0,0,0,0,0,0.15,0,0,0,0.24,0,0,0,0,0,0,0,0,0,0,97.599998,99,0,0,0,0,0,0,0,0,1,2,0,0,0,0.5,0,0,0,0,0,0,0,0,0,0
Zr 702,0,0,0,0,0,0,0,0,0,0,0,0,0,0,0,0,0,0,0,0,0,0,0,0,0,0,0,0,0,0,0,0,0,0,0,0,95.5,99.5,0,0,0,0,0,0,0,0,0,0,0,0,0.5,4.5,0,0,0,0,0,0,0,0,0,0
Zr 704,0,0,0,0,0,0,0,0,0,0,0,0,0,0,0,0,0,0,0,0,0,0,0,0,0,0,0,0,0,0,0,0,0,0,0,0,93.5,98.5,0,0,0,0,0,0,0,0,1,2,0,0,0.5,4.5,0,0,0,0,0,0,0,0,0,0
Zr 705,0,0,0,0,0,0,0,0,0,0,0,0,0,0,0,0,0,0,0,0,0,0,0,0,0,0,0,0,0,0,0,0,0,0,0,0,92,98,2,3,0,0,0,0,0,0,0,0,0,0,0,4.5,0,0,0,0,0,0,0,0,0,0
Mo CP,0,0,0,0,0,0,0,0,0,0,0,0,0,0,0,0,0,0,0,0,0,0,0,0,0,0,0,0,0,0,0,0,0,0,0,0,0,0,0,0,97,100,0,0,0,0,0,0,0,0,0,0,0,0,0,0,0,0,0,0,0,0
W CP,0,0,0,0,0,0,0,0,0,0,0,0,0,0,0,0,0,0,0,0,0,0,0,0,0,0,0,0,0,0,0,0,0,0,0,0,0,0,0,0,0,0,0,0,0,0,0,0,0,0,0,0,0,0,97,100,0,0,0,0,0,0
70W 30Mo,0,0,0,0,0,0,0,0,0,0,0,0,0,0,0,0,0,0,0,0,0,0,0,0,0,0,0,0,0,0,0,0,0,0,0,0,0,0,0,0,27,33,0,0,0,0,0,0,0,0,0,0,0,0,67,73,0,0,0,0,0,0
Densalloy,0,0,0,0,0,0,0,0,0,0,0,0,0,0,0,0,0,0,0,0,0,0,0,0,0.5,2,0,0,4,8,0,0,0,0,0,0,0,0,0,0,0,0,0,0,0,0,0,0,0,0,0,0,0,0,90,96,0,0,0,0,0,0
Hevimet,0,0,0,0,0,0,0,0,0,0,0,0,0,0,0,0,0,0,0,0,0,0,0,0,0,0,0,0,7,8,2,3,0,0,0,0,0,0,0,0,0,0,0,0,0,0,0,0,0,0,0,0,0,0,87,93,0,0,0,0,0,0
Mal 1000B,0,0,0,0,0,0,0,0,0,0,0,0,0,0,0,0,0,0,0,0,0,0,0,0,0,0,0,0,3,4,1,2,0,0,0,0,0,0,0,0,0,0,0,0,0,0,0,0,0,0,0,0,0,0,94,96,0,0,0,0,0,0
Mal 3000,0,0,0,0,0,0,0,0,0,0,0,0,0,0,0,0,0,0,0,0,0,0,0,0,2.5,3.5,0,0,6,8,0,0,0,0,0,0,0,0,0,0,0,0,0,0,0,0,0,0,0,0,0,0,0,0,87,93,0,0,0,0,0,0
Mal 3950,0,0,0,0,0,0,0,0,0,0,0,0,0,0,0,0,0,0,0,0,0,0,0,0,1,2,0,0,3,4,0,0,0,0,0,0,0,0,0,0,0,0,0,0,0,0,0,0,0,0,0,0,0,0,94,96,0,0,0,0,0,0
TungCar C,0,0,0,0,0,0,0,0,0,0,0,0,0,0,0,0,0,0,0,0,0,0,0,0,0,0,6,8,0,0,0,0,0,0,0,0,0,0,0,0,0,0,0,0,0,0,0,0,0,0,0,0,0,0,92,94,0,0,0,0,0,0
Ta CP,0,0,0,0,0,0,0,0,0,0,0,0,0,0,0,0,0,0,0,0,0,0,0,0,0,0,0,0,0,0,0,0,0,0,0,0,0,0,0,0,0,0,0,0,0,0,0,0,0,0,0,0,98,100,0,1,0,0,0,0,0,0
90Ta 10W,0,0,0,0,0,0,0,0,0,0,0,0,0,0,0,0,0,0,0,0,0,0,0,0,0,0,0,0,0,0,0,0,0,0,0,0,0,0,0,0,0,0,0,0,0,0,0,0,0,0,0,0,89,91,9,11,0,0,0,0,0,0
97Ta 3W,0,0,0,0,0,0,0,0,0,0,0,0,0,0,0,0,0,0,0,0,0,0,0,0,0,0,0,0,0,0,0,0,0,0,0,0,0,0,0,0,0,0,0,0,0,0,0,0,0,0,0,0,96.5,97.5,2,4,0,0,0,0,0,0
Mg Alloy,0,0,0,0,0,0,85,100,0,0,0,0,0,0,0,0,0,0,0,0,0,0,0,0,0,0,0,0,0,0,0,0,0,0,0,0,0,0,0,0,0,0,0,0,0,0,0,0,0,0,0,0,0,0,0,0,0,0,0,0,0,0
Sn CP,0,0,0,0,0,0,0,0,0,0,0,0,0,0,0,0,0,0,0,0,0,0,0,0,0,0,0,0,0,0,0,0,0,0,0,0,0,0,0,0,0,0,0,0,0,0,98,100,0,0,0,0,0,0,0,0,0,0,0,0,0,0
60Sn 40Pb,0,0,0,0,0,0,0,0,0,0,0,0,0,0,0,0,0,0,0,0,0,0,0,0,0,0,0,0,0,0,0,0,0,0,0,0,0,0,0,0,0,0,0,0,0,0,58,62,0,0,0,0,0,0,0,0,0,0,38,42,0,0
63Sn 37Pb,0,0,0,0,0,0,0,0,0,0,0,0,0,0,0,0,0,0,0,0,0,0,0,0,0,0,0,0,0,0,0,0,0,0,0,0,0,0,0,0,0,0,0,0,0,0,62,64,0,0,0,0,0,0,0,0,0,0,36,38,0,0
SAC 300,0,0,0,0,0,0,0,0,0,0,0,0,0,0,0,0,0,0,0,0,0,0,0,0,0,0,0,0,0,0,0,0.11,0,0,0,0,0,0,0,0,0,0,0,0,2.8,3.21,96.5,97.5,0,0,0,0,0,0,0,0,0,0,0,0.11,0,0
SAC 305,0,0,0,0,0,0,0,0,0,0,0,0,0,0,0,0,0,0,0,0,0,0,0,0,0,0,0,0,0,0,0.31,0.7,0,0,0,0,0,0,0,0,0,0,0,0,2.8,3.21,96,97,0,0,0,0,0,0,0,0,0,0,0,0.11,0,0
SAC 400,0,0,0,0,0,0,0,0,0,0,0,0,0,0,0,0,0,0,0,0,0,0,0,0,0,0,0,0,0,0,0,0.11,0,0,0,0,0,0,0,0,0,0,0,0,3.8,4.19,95.5,96.5,0,0,0,0,0,0,0,0,0,0,0,0.11,0,0
SAC 405,0,0,0,0,0,0,0,0,0,0,0,0,0,0,0,0,0,0,0,0,0,0,0,0,0,0,0,0,0,0,0.31,0.7,0,0,0,0,0,0,0,0,0,0,0,0,3.8,4.19,95,96,0,0,0,0,0,0,0,0,0,0,0,0.11,0,0
SN100C,0,0,0,0,0,0,0,0,0,0,0,0,0,0,0,0,0,0,0,0,0,0,0,0,0,0,0,0,0,0,0.5,0.81,0,0,0,0,0,0,0,0,0,0,0,0,0,0,99,99.5,0,0,0,0,0,0,0,0,0,0,0,0.11,0,0
Ag,0,0,0,0,0,0,0,0,0,0,0,0,0,0,0,0,0,0,0,0,0,0,0,0,0,0,0,0,0,0,0,0,0,0,0,0,0,0,0,0,0,0,0,0,98,100,0,0,0,0,0,0,0,0,0,0,0,0,0,0,0,0
Bi,0,0,0,0,0,0,0,0,0,0,0,0,0,0,0,0,0,0,0,0,0,0,0,0,0,0,0,0,0,0,0,0,0,0,0,0,0,0,0,0,0,0,0,0,0,0,0,0,0,0,0,0,0,0,0,0,0,0,0,0,98,100
Cr,0,0,0,0,0,0,0,0,0,0,0,0,0,0,0,0,0,0,0,0,97,100,0,0,0,0,0,0,0,0,0,0,0,0,0,0,0,0,0,0,0,0,0,0,0,0,0,0,0,0,0,0,0,0,0,0,0,0,0,0,0,0
Hf,0,0,0,0,0,0,0,0,0,0,0,0,0,0,0,0,0,0,0,0,0,0,0,0,0,0,0,0,0,0,0,0,0,0,0,0,0,0,0,0,0,0,0,0,0,0,0,0,0,0,98,100,0,0,0,0,0,0,0,0,0,0
Mn,0,0,0,0,0,0,0,0,0,0,0,0,0,0,0,0,0,0,0,0,0,0,97,100,0,0,0,0,0,0,0,0,0,0,0,0,0,0,0,0,0,0,0,0,0,0,0,0,0,0,0,0,0,0,0,0,0,0,0,0,0,0
Pb,0,0,0,0,0,0,0,0,0,0,0,0,0,0,0,0,0,0,0,0,0,0,0,0,0,0,0,0,0,0,0,0,0,0,0,0,0,0,0,0,0,0,0,0,0,0,0,0,0,0,0,0,0,0,0,0,0,0,98,100,0,0
Pd,0,0,0,0,0,0,0,0,0,0,0,0,0,0,0,0,0,0,0,0,0,0,0,0,0,0,0,0,0,0,0,0,0,0,0,0,0,0,0,0,0,0,98,100,0,0,0,0,0,0,0,0,0,0,0,0,0,0,0,0,0,0
Re,0,0,0,0,0,0,0,0,0,0,0,0,0,0,0,0,0,0,0,0,0,0,0,0,0,0,0,0,0,0,0,0,0,0,0,0,0,0,0,0,0,0,0,0,0,0,0,0,0,0,0,0,0,0,0,0,98,100,0,0,0,0
Sb,0,0,0,0,0,0,0,0,0,0,0,0,0,0,0,0,0,0,0,0,0,0,0,0,0,0,0,0,0,0,0,0,0,0,0,0,0,0,0,0,0,0,0,0,0,0,0,0,98,100,0,0,0,0,0,0,0,0,0,0,0,0
Se,0,0,0,0,0,0,0,0,0,0,0,0,0,0,0,0,0,0,0,0,0,0,0,0,0,0,0,0,0,0,0,0,0,0,98,100,0,0,0,0,0,0,0,0,0,0,0,0,0,0,0,0,0,0,0,0,0,0,0,0,0,0
V,0,0,0,0,0,0,0,0,0,0,0,0,0,0,0,0,0,0,97,100,0,0,0,0,0,0,0,0,0,0,0,0,0,0,0,0,0,0,0,0,0,0,0,0,0,0,0,0,0,0,0,0,0,0,0,0,0,0,0,0,0,0
Zn,0,0,0,0,0,0,0,0,0,0,0,0,0,0,0,0,0,0,0,0,0,0,0,0,0,0,0,0,0,0,0,0,97,100,0,0,0,0,0,0,0,0,0,0,0,0,0,0,0,0,0,0,0,0,0,0,0,0,0,0,0,0
90Zn 10Al,0,0,0,0,0,0,0,0,9.5,10.5,0,0,0,0,0,0,0,0,0,0,0,0,0,0,0,0.15,0,0,0,0,0,0.5,88,90.5,0,0,0,0,0,0,0,0,0,0,0,0,0,0,0,0,0,0,0,0,0,0,0,0,0,0.4,0,0
